X,Y,Z,sim1,sim2,sim3,sim4,sim5,sim6,sim7,sim8,sim9,sim10,sim11,sim12,sim13,sim14,sim15,sim16,sim17,sim18,sim19,sim20,sim21,sim22,sim23,sim24,sim25,sim26,sim27,sim28,sim29,sim30,sim31,sim32,sim33,sim34,sim35,sim36,sim37,sim38,sim39,sim40,sim41,sim42,sim43,sim44,sim45,sim46,sim47,sim48,sim49,sim50,sim51,sim52,sim53,sim54,sim55,sim56,sim57,sim58,sim59,sim60,sim61,sim62,sim63,sim64,sim65,sim66,sim67,sim68,sim69,sim70,sim71,sim72,sim73,sim74,sim75,sim76,sim77,sim78,sim79,sim80,sim81,sim82,sim83,sim84,sim85,sim86,sim87,sim88,sim89,sim90,sim91,sim92,sim93,sim94,sim95,sim96,sim97,sim98,sim99,sim100
36.0,64.0,0.0,0.0631691985101903,-0.256185931118523,-0.1319186399336236,-0.5667910940532873,-0.2540384251234571,0.3032458103571127,-2.615329456790087,0.1028308005764444,-0.6801243739834167,-2.268039468211941,-0.3467942024730009,-0.897543287444369,0.3298098270245712,0.2364888918117512,0.1033956332796582,1.0851829967891966,0.3517577978372304,-0.7880031528929379,0.2167280053687009,2.3857667463903467,0.6667751294937216,-1.0070467641991097,-2.7767973726399657,0.2193700397310376,0.094903438031241,1.816146045738821,-0.5170069766991352,0.4235250658212351,-0.3579613705520978,1.5073117221687216,1.0571412313863784,0.510252045802,-0.2100076455537179,0.0335223197029798,-0.4136172652642824,0.1167711728357439,0.8478935423102809,-0.5509178225960595,1.6683314107825782,-1.628256174475989,-0.8212269738747948,1.0499977796995663,-1.5301019827484443,-0.0282640485575121,-0.297524918758942,0.9167086227904788,1.080006153591349,1.133841886536512,0.3512336159437828,-0.828363666563629,-0.8657117554372306,0.3171113347446684,-0.3574456685314477,0.1993597884607506,1.7805200618613044,0.916115401675945,-0.3658285718986054,-2.334456286363338,-0.2469982566158873,0.7039596745882508,-0.2546360681820955,-0.598835426964357,0.6159350910004617,-0.2027785532668163,0.4688599364960402,-0.2305548295402676,-0.3458821317368151,-1.0104445250974472,-0.9888406824035127,-0.320529807920195,-0.2076434894180805,0.2452645517877265,0.3000355819490364,-1.059688946252368,-0.9117506395803274,0.966855677000201,-0.1548343397829659,1.4501471777236876,0.9132041188099816,-0.206809137710579,-0.7772969523338549,-0.0530263624698952,-0.4679660368359035,-1.187204048444131,-0.6388856220765244,-0.7057971216214841,-0.9142062513225846,-0.1614863750217534,0.3246198274266472,-2.448028631072688,-0.4928711399723266,-2.1410214702656973,-0.4944283177938159,-0.9497583716260768,-0.0388312111883368,-0.0215982820574375,0.5922847123156872,-0.4959308852432055,-0.0144275776499899,-0.2590387219112801
113.0,54.0,0.0,-0.2722475804328201,1.8520163565488188,-1.4917282496876765,-0.4182969629339677,0.5006055832975985,-1.0019893097792114,2.446934489369951,-0.5548707017715236,-1.2751672387694355,0.3772663831678459,1.4983044364867455,-0.8616391386490247,-0.7895831505544562,0.5641094609178584,2.3446323823251984,-1.7052503594002926,-0.9591307128950424,-0.0540571885974083,0.8943953122174081,0.7799929748456186,-0.4629075185893505,0.8751479731266529,-2.7925567492963683,0.8850601212164226,1.2483598609225477,-0.009889688109507,1.2206288945624488,0.4836430366812847,3.382926435487293,0.1497248771684581,-1.047418328439464,0.562550785948754,1.639227110464642,1.244316427628682,-0.4276514853755515,0.7100641227334388,-1.1743206472830925,0.1053375631840438,-1.372617385320044,-0.78292405915008,0.4744160831192853,2.3897096499702566,-0.217751901447962,1.7824803557439928,-0.0282426165244495,-1.0786438387903703,-0.3663945785369976,0.5800297050650218,0.8382146195580567,-0.299842556413146,-0.5745519665697548,-0.9447605545195816,1.1069853435597512,-2.400468036772166,1.2624157901210111,0.9073294139493456,1.9564018704513997,-1.071795572711509,-2.90280502845208,0.7077669238874603,-2.1115129626910143,0.3741306206569098,1.3030836705206053,0.9962371502213544,1.42010662111007,0.8097703348253896,-0.5828964060439199,-0.6973135168967413,-0.130221101874977,0.8606646309996772,0.5491873300239403,1.5123838678673445,-0.8477965110743194,-0.9903330097256524,0.5397343401863177,-0.2059502733102494,0.0876535572017604,-1.860703287193742,-0.3496439422525444,-0.5443985602617744,1.0726404490223027,-0.9125906812932544,-1.5854849671996174,0.4736743656858225,-0.2274109372471967,-0.4636193053707674,-0.8946195662067572,-0.0341125323463375,-1.0083191445985813,1.8659715128321133,0.0801074254248887,0.924859968960117,0.3983263277397001,-1.3643096308425662,0.1390844327686149,-0.3378830196302357,0.1851737164816094,-1.7243188746527671,-0.151679208568717,0.9411296700935444
14.0,21.0,0.0,0.104999740672392,-0.1756806303400948,-0.7362036880865552,-0.00363716746162,1.425930048605003,1.207637704118924,0.4136840447136762,0.4701832745215419,0.7123796532594131,0.9606104229502904,0.0807229204677322,-0.102761311523612,0.9872092588114016,-0.2897571359392347,1.0806359423685885,0.2441376068923152,-0.4614845650617475,0.2250706058817517,-0.2584328649373875,-0.1276831479246977,0.1547582195113974,-1.5434511296465037,0.2887588274028767,1.9598856405373928,-0.2577676251055277,-2.2925302426714134,-1.164158020486445,1.2145366265273745,0.2071399027565248,0.7367384823431687,-0.2143757033218855,1.3184286422902092,-1.5495399729443444,-0.0894831132591695,0.6597368262725836,0.201153372765415,-0.7049529837922299,-0.9390882083469316,0.4210319874309607,0.3699236257825634,0.7997106324243658,1.0093310126839783,-1.1298303697111094,-1.0045720746689764,0.2819814807965442,-0.7815001194051847,1.77441538729417,1.7532398402046776,0.2521587333060371,-1.1093775602699003,-0.3138289811636288,-0.6992966045303807,-0.7494658304832105,-0.7056672447398571,0.3062932238200821,0.2440781327818239,-2.477344421677116,-2.216919014261931,1.6570689796322022,0.0290636977698298,1.9524390270021128,-1.2067927459567636,-0.2860547510515655,0.2798874729114044,0.115501963784095,0.3820425385905645,-0.2237328103692734,0.5286518512195039,0.9669362699951674,-0.2871983096578513,0.3051308874749713,0.1568429097805191,1.461935444188524,-0.9650354069854314,-0.1683009695174453,-0.331134379899178,0.3113601656300143,1.1914914502096488,1.5454634504408111,0.2835051159840407,-1.0189329333381032,0.6918364644148741,1.0381946664725827,-0.1546968463525884,-0.7111668601572669,0.8756676918054609,-0.4274172726584767,-0.1575123525889663,0.1582370214658144,0.1011062900867039,-2.050967018443154,0.7088399510848872,-1.414199958926477,1.9943338296798911,-0.4841342547804608,0.3565821799464577,-0.5935939127405395,0.3204907274636517,1.1556347164380614,0.274344016321915
198.0,40.0,0.0,-0.6164194599610149,-0.8480790852042842,-1.5088576926679114,1.0927038603558707,-1.1626138701454838,-1.1192720587448832,1.3067041049699235,-1.1519662931590484,-0.1048203041170814,-0.9027489607352216,0.4423297448139403,0.6406341102922463,0.7071257809620126,0.0956135452955169,0.0112655972685438,1.3829975177733524,-0.4865675289249656,-0.1515427390107859,-0.8246421111220149,1.3121840027335605,1.4362637799620412,-1.8398781076869055,3.58648187824271,-0.3994366653563083,0.5202751137769037,-0.1074766648872258,0.2232546986300732,0.8778591338961672,0.1395978239485168,-0.0781297884795316,-1.179927510583243,-0.3805518574294296,-0.4587395503013128,-0.9691085761404188,-1.3048599777123928,-0.0996160457142173,-1.60180309968824,-2.592686477679188,-1.185605280877887,0.0311117032765927,0.0679385560395837,0.7757859961604118,-0.3064432626514222,-0.4633997160432475,0.7452310907826742,-0.4973911387244064,-0.2484004242830642,1.1501447427884686,0.2999807726406946,0.3916202843521979,1.2637013918088436,-1.1819788801466569,-0.0295853939869257,-0.3370869801397683,-0.5972963193662086,0.1935737318300496,0.4358503162174632,0.299914863485184,0.1614526815617303,1.5531704718479606,-0.5265248842480507,0.2779261874087895,0.0392190043887722,-0.338389966942355,-0.4652360458088269,0.3842145151106434,-0.7282556785716777,0.402517067706113,-0.9473288699941712,-0.3555272389155194,0.1832158305000867,-1.202972699797133,-0.6168838235291536,0.4186363158442504,-0.0366035035098021,1.399547578383469,-0.0395719307818941,1.1627698703117266,0.4883056609083678,2.200911797771631,-0.4686436382541797,-0.3953597217929434,0.7486590038219978,0.6482756197367636,0.950802694003987,1.068849085918249,0.0673130815230531,0.5031221931818046,0.2314636125644844,1.2121390401669845,0.6682526858858063,-0.2665611081552701,-0.0575403233652499,-0.8790843931221207,0.4325672425209687,-1.5591622510410097,0.8263633835283268,0.3831879651486924,-2.993177658386831,-0.0738331417614529
3.0,157.0,0.0,-2.4496365232663684,-0.4002652530308985,1.495548891279144,0.1563334938813986,0.1059724311444634,-0.7725812510855401,0.6167554750450539,-0.9800517326610556,0.4892892844175791,-0.0516504896996695,-0.2160020878606699,0.4776008781720167,-0.8939101769488533,0.2897716321412448,0.8058302149057786,0.6416565514766782,0.0653966097174605,0.413707038904672,-1.4733020472426823,-0.969983086157181,0.2840038541364854,2.0110475136408543,0.6607882377271403,-0.3390924902281165,-0.1552333852650833,-1.8712832511198647,-0.5071844273175077,-1.7580565147630365,1.18938098174101,0.6544225772614474,0.385313555378985,0.2492986471474583,0.0929201262358142,1.170813190547158,1.0399642168033751,-0.0900392483859153,-0.6678905729056613,1.3742875608741345,-0.2037013887428627,-0.6184184478424293,0.913408736647107,0.9449341015537108,0.0147313594683318,0.9043786418674464,-1.2247133636900265,0.5720810656811107,-0.4237818754332922,0.831731724452663,-0.1484968945201477,0.2771408517415689,-1.0183965361939054,-0.4567805854578251,0.0974041092530279,-0.9040872858110413,0.4266794610227211,0.209003124575403,-0.1802115711883575,0.556431387620279,0.513476912150826,0.6361689262777103,1.7135668049517645,0.1911201508987214,-0.9640611753461314,1.6964557534744482,0.5150910142078964,0.869912634730361,-0.9611507128219068,0.5065749400108612,0.5721238531714853,-0.5336206104267527,0.3303996553893265,-1.0147327331457716,-0.1353898887543733,-0.3564554692087047,-0.1723518552579357,1.5492710996012322,-0.4390352012106034,0.5022948846139894,0.8863372564551022,0.1990030880226055,0.4413819152009334,-0.1165706591140719,-2.016883495975005,0.6686914047679283,-0.709518830819119,-1.816541474826993,0.5023026237876155,-0.6661521210528116,-0.1681456756928922,-0.6993530976289593,-0.0519682496675888,-2.286048136702916,-0.4707506531975577,1.3181752652487364,0.0829128102755364,-0.6469793334919802,0.8317793182249913,0.0668237906916055,-0.2836189735498672,0.931333134871464
117.0,69.0,0.0,0.8222987072773973,0.5898979587116954,-0.1287114400847689,-0.826764131573534,0.6803985784491542,-0.1408221622599609,-0.6650726612879865,-0.2256979676396349,-0.8471230281006447,-0.8175123328698488,0.3253726445792634,0.2534595894826833,1.2617706093081495,2.1678182372169856,0.754464089736287,0.4535543743199266,-0.3220338726377069,1.5674934442189887,0.6943917228600379,-0.280837215171378,-0.7628248098605135,0.5261718260808781,-3.3297754764212657,-0.2074696269250478,0.0034338093231204,-0.1033237772868023,0.781523364491924,0.8227189189105076,2.256722557984644,-0.4278053395604969,0.5363580837395453,0.1546429377366995,-0.0518884057687384,0.6771669853616387,-1.2256629230466174,1.3542002730061102,-1.18068608188667,0.4172725522353689,-1.6981671271683472,-0.0005800140067113,-0.4728295962201437,1.2221660307750766,-0.6391045299722239,0.5851231330153106,1.2082217695956785,-0.8307757118333304,-0.6516752827483768,1.4416005196783064,0.7341778677648321,0.2608109260775136,0.0959829250559832,0.1190614801021993,0.7224561423212044,-0.7106275029460986,0.8008477527532794,0.7318209147473342,0.7829606898161731,0.5201796323346631,-0.8801376165119696,0.5668904610162873,-0.9213680593553776,-1.2984194516401937,0.7018662437015631,0.9623454306853212,-0.5089455272633175,0.6785971189380057,-0.5731754927148565,-0.4567357611704828,0.4323749479333818,-0.6624103542101925,-0.1639379506060717,-1.7626776222042926,-0.0450033088895861,0.7733480016879257,0.2085309033763692,0.0218333165170767,-0.3569184265446768,-1.8505353902533048,0.7249563279228006,-0.5768370154734302,1.1606992808120684,-0.462125895178354,-1.7161849443251098,0.1136690965728264,-1.6225089750003363,1.285595121337518,-1.0169280171421176,1.3617671339099084,-1.658815617876966,0.2652908327217623,-0.0498471902502714,-0.4998761506859083,0.6357068807555241,-0.98879632355627,2.289100214781892,-0.247352840416938,0.6421509514903891,-0.7977339166787544,0.5720954155182869,1.4547904076594238
40.0,137.0,0.0,-0.0592847358937256,-1.2842062366017943,1.0823125032869991,1.14928702635446,0.6823677348097767,-2.087322196530769,0.2903404770873367,-0.3014753852358078,0.1272599204949918,1.0641997763496065,0.5511207042206824,0.0668021870577126,0.442493700797421,0.3641474184221516,-1.870734021458724,-0.0037475738858279,-0.5416082491567917,-1.3017741300320942,-0.4094889958999514,0.3470866488744364,-0.8267195603386492,-0.8673142450458113,0.3986087319252367,0.6071875136307536,-1.3993206050182807,-1.2432125389586226,0.4614357998119315,-0.0260514579893197,-0.3010688733382182,0.5575786698867582,0.8574447278796243,0.1707689173436694,1.676214579742679,0.3869202416411177,0.5421205962356164,-2.2689545382595706,-0.6591714413028279,-0.773569490176501,-0.2496322687728387,1.979959461347046,-0.9454670161527128,1.3144575271423793,-0.8574503684424131,0.7052158905668144,1.4413812229699965,-0.4906415917704671,-1.41737561520232,1.2187887204196928,-0.992477128458356,-0.1929117120697591,1.9877033720915007,-1.3948026250846928,-1.2091742137251535,-0.4801576354889643,0.6259826918717804,1.3326651234964757,-0.904498612994718,-0.3914736363364993,-0.3950495039608874,-0.4460418878046038,0.5038336407606001,1.3638745043990177,0.9838826390183276,0.5355728573560612,-2.422045975512528,0.2100048801545617,-0.8365278201091347,-0.7424068770448382,0.03924724731599,-0.6886933158313437,-2.448973394937053,-0.2439297079182446,0.7384051901669431,-0.1669634445372207,1.2473067049744533,1.84457604032222,0.610189515741161,0.1676494674571828,-0.6344698606736154,-0.6554345777285915,-1.941446615178764,0.0505080646237252,0.5298289429099903,-0.5654799202543832,-0.043295265093121,0.8675266541326915,1.5411976911966112,0.3475395018058404,-2.082934536772581,-1.41276120457681,-1.7529705101149862,-0.2828153919901465,0.145230995668851,0.1062094783480321,0.1495310714284123,0.6645842219650921,-0.597639247291321,-1.0549593251969194,1.3827784486312842,0.0789964602941111
67.0,58.0,0.0,-0.7318357160314923,2.189068113595757,-2.264763462798009,0.3305219646386506,1.3120935569643108,-1.241030583270148,-1.4528921799025225,-0.3453006671645635,0.5754085700090813,-0.640881048300205,-1.2742701633905589,0.9312542270064064,0.3776423954844828,-0.1855715624243536,-1.2566847075039982,0.5469735367394968,-1.0344274457874132,1.0532131943014735,-0.5677967265857942,-0.0604846745180547,1.2778741228684682,-0.2173477849470457,-0.5641683791656407,-0.2889461620997454,-0.1344524931082084,2.081277709242227,-1.4428469871308551,-0.5081233994447242,-1.4093920791761012,0.5689006409206923,-1.415610106986461,-0.3533443457776926,0.0368534550618498,1.1037484237278876,1.8894536140272185,1.186425987984643,2.0566521374737605,-1.1390689924833333,0.8695964623609297,-2.3321578168773733,-1.1294066732489485,0.5379926198578309,-0.3229503372775241,0.9789683768082786,1.1216516000682248,-1.0438739062062965,-1.0148811183353883,2.2803780484219165,0.2529918959269339,-0.8384106096711388,1.5529949417623563,-0.3658956317359608,-0.1127400032042884,-1.668719478887279,-1.6284069072111171,-1.168720034205521,-1.442648854683957,-0.2085957672934726,1.8221216748501845,1.3562001781406905,-0.6804272236040381,0.6397911705292639,1.0899776641096597,-0.5453679395118929,-0.0628611261471231,-0.9458088655477136,-2.6375371048645277,0.0687764818517527,-2.4013080791748203,0.6203900019474373,0.8405099944148482,1.2549809771883715,-0.5900841518283001,0.0213812574531244,-1.2415889329422791,1.15883216528567,0.1837666303559935,-1.77755643594927,1.2798433469292445,0.0033479104623618,0.5039683463608301,-0.4173496927189042,-0.4259092020631738,0.7671501141799002,0.3467594567615352,-0.4779181006605217,-0.5135588718215631,-1.3079499670321704,0.0310906934272759,-1.1175347484393852,-0.3656138019257576,-0.9446547813018036,-1.3411499050758835,-0.0537507409151831,-0.4217147337873836,0.7768829966749172,0.2328961849067994,0.8901786161600236,-0.5685127133551937,0.7640322432691264
16.0,148.0,0.0,-1.1888003884694365,-0.0185750531015954,1.3443038162779442,0.2663809583017625,-1.372113103264944,-1.2704638983596497,0.5592608789186952,-0.3190171286661646,1.348063749943692,-0.2200089488857922,-0.2731686926610324,-0.6619209255319352,-2.0278166231246866,0.8618101196957235,-0.130812525480632,1.321494667369033,-1.402578207770083,-0.6550354441623862,0.1463036356494383,0.0533065948826132,1.5168110770314354,-0.154667281937557,0.0814514256644406,-0.5914635226173665,-0.077930545237362,-2.049004570060972,-0.4375244243786583,-1.0998256664665849,0.5020034703274963,-0.866603070824257,-0.4218238199604361,-1.062650126806152,0.4161518355429695,0.1895319804132009,1.0111467053025398,-0.8754891888918164,-1.128560747193147,1.0629901355408728,0.8413588506763516,0.6258235892587745,0.3101645365960579,0.6199704450925617,-0.308010514799115,0.078427827056938,-2.008394669893381,-0.2040259927055129,-1.2342952842210877,1.5537062744806671,-1.041484469538174,-0.380381638669681,-0.0125844862183579,-1.2210817910315663,0.5469236358502798,-0.6697834595093886,0.3320658528736254,0.9742041697531652,0.4163519093553264,-0.7972355073363097,-0.0662259639038235,2.1451758517097046,1.135932716077367,0.5436321374511728,-0.3662169697450849,1.420516999533185,-0.7061967299555318,1.765459464592531,-0.884423261120541,1.4677487717357236,0.132758362651754,0.469396932812377,-1.020396481673277,-2.265086673820828,-1.2493741702476746,-0.2274310803985175,0.2163058074546005,0.4581079857311421,-0.1464072560112366,0.5149981931383683,0.5926575651995147,-1.3879936266411272,-2.2063211454648046,-0.6804502658338212,1.003880452344283,0.6884427120740664,-0.6065750789104567,-1.2837129024679037,1.059591215205994,-0.202862280720249,1.1913879694506802,-0.2381205784941791,-0.5020077058578365,-0.4636782757011402,-0.3030563139660245,0.9055135898333394,-0.5846902521754349,0.3972562806687838,0.5440904450197593,-0.1359965099552355,-0.4100457989672982,-0.2689360048758969
64.0,199.0,0.0,0.7288828237635674,0.8904652375630182,-0.961442537817699,-1.6557920234048034,-1.5075742821842488,-0.4994940245233046,-0.4886187482463305,-1.127688906732722,0.3553995758773326,1.1715731701425771,0.8519908433778494,1.085655019261414,-0.9783355960478776,-1.366710305804438,0.3857364712814397,-0.2765367488545536,0.964317887867058,-0.9473886476560016,-1.167460685876287,-1.029752639839098,-0.4581346252620699,0.0186989140007725,1.4032206327796153,-1.0812210276893377,1.2304214982042097,-1.7295480059476829,-0.5984100260943455,0.2566703120256673,-0.2870466327712385,0.0142961285208716,-0.6833687287161783,-1.0024023075951716,-0.1695995251802099,-1.3405152927272064,1.7331458049721342,0.5943136678056755,0.1890674311055506,-0.3260581361224625,-0.5723304587645593,-1.055712191269051,1.3847877725758433,0.6470677242567182,1.0978957488310974,-0.8167891258005258,0.5614928607743929,1.434051163985985,-0.4107837498201494,2.050121300279674,1.2804160159947715,-0.3204386179603179,1.1062678438817215,0.1632284800237513,0.7748441487268631,0.8776150952579077,0.9331549658321694,-1.6707899273061142,1.6017889848019906,-0.5057667303452739,0.3470278836634524,0.8918359874792994,-1.4027494121440351,0.9251710455358328,-0.8633097634469131,-1.287099991399372,0.0926713259806257,-0.5053400553530802,0.8591853413567677,-0.1502742827660481,-0.6123249134523432,0.5015585603767494,-1.039034268825334,0.5475710546155355,1.8942305943856903,0.2042306656108654,-0.4512877275267336,-1.0538067920318364,1.355069864486858,-1.0174843405688212,-0.5453291905032728,1.856430393490387,-2.5003966210586706,1.0400003848464845,0.9435527594675204,-0.8799124862082716,-0.264871894798975,-0.9582445054486308,-2.2679243169074548,0.2286696417544534,-0.1151257626705448,0.8634897420823573,0.6166631970991701,-1.5551011792692822,0.938468011792038,1.0432779360665203,-1.470070318578932,-0.0067347013084473,-0.8544852021217205,0.6402847267321568,0.0322399535262388,0.0651651001477818
17.0,39.0,0.0,0.6213791663787829,-1.3670849657530686,-0.040501645182878,-1.057207196690096,-1.0904310664302097,1.2533731800072307,-0.1846787920938338,0.7507782302338534,-0.5290197183912688,0.2590563217159025,-1.0280329422480965,-0.8529387693259104,1.2412231386611332,0.7580060232735059,1.3033739030256914,1.818641839025661,1.7955578394110814,0.0981850943154004,1.022065236939496,2.3365847895710434,0.5737468062637415,1.0198312275385568,1.0346144277721927,0.2192759124781694,-0.3776798011891136,-0.133548991502753,0.235395540116475,0.4426570988519629,1.1497238046279203,0.4049833543041966,0.652216362897601,0.116668581280023,-0.3455050457067914,0.5682027509782261,-0.2448838447867919,0.5178286499065871,0.3983388176988708,0.6413303593963463,0.9944408881196376,0.1747975312970996,0.1167169145508951,1.0863548112620864,-1.6967582656293578,-0.1776941557828396,1.7058339902527997,-0.3499358707748847,0.3362951211352555,0.6860656800560689,0.5928672105451094,-2.325750252675485,-0.1255474008328236,-0.9403542175058788,0.0507887647971065,0.3607802527703622,0.8162232753763692,0.4914752379240528,-2.4728323713924167,-1.4683873646837236,1.6059801132022915,0.8981436382160847,2.4331604304553704,-0.6310456691745502,-0.8989045726797789,-0.976162529060912,0.5797234608337768,0.338703099947686,-0.4916322883606604,0.7306118679528117,0.3045713173282805,-0.8380205517312034,-1.345126712739355,-0.8578471940433539,0.2923877668558657,-0.9583335003172572,0.2636915414915187,-0.2750704630087496,-0.591032498437505,1.8715079561311043,0.6881771227606881,-1.2735048937022693,-1.2798964455365915,0.9493643308162262,-0.056549152366406,1.4977664906326913,-1.4683265957660765,1.4176837717719564,-0.7340947955201896,-0.21167418597588,-0.7201027442323145,0.7325192444393982,-2.284140915877879,0.6917206114797589,-1.2513928083137966,1.3980989588321295,-1.016888617719489,-1.2318850624868387,0.0230488290806508,0.7663031903192028,0.1672775335334667,-0.5913731850745116
101.0,170.0,0.0,-1.081156246183684,-1.9245569184490647,-0.9955338557772302,-0.3416299190427087,0.2220973935898851,-0.4471898149665754,0.4522986780970032,0.115682246722776,0.6915192184253481,-0.7247853880716366,0.3790020024718261,-0.1689461837817421,-0.4175643539957389,0.6354040004364283,-2.069521758204842,1.1724843495263553,-0.495935750375029,-0.4025890315724852,2.1066763174548977,-1.2831379789156323,-1.6426023015079336,-0.6375353852001865,-1.3663451672475713,-0.2988002327972262,1.1112792087754046,0.0090281450296061,1.1237347417687014,2.5410058002345224,-0.3725356543016158,-0.0191642828154837,-1.265783139606098,0.0638419751350765,1.5462027700984249,0.2028016173707485,0.9473285371998132,-0.7617071309273432,-0.6906899908852495,-1.3837689424241966,1.0577871392411622,-1.6251876670028462,-0.2468846648202774,-0.8025140584839096,0.7483169042474241,1.5402409514082658,-0.6079956317591724,-0.318383022246962,0.4368706210740579,-2.286158221407389,0.4381034620236014,-0.3642400503741624,0.8900669775346274,0.2334395536908733,1.413224244147988,-0.7327245897203408,-0.9253891120104027,0.9851123083288222,0.7326726264685643,-0.3520981449457867,-1.7601222849659677,-1.2090967807255868,0.2494011771949836,0.6115845216349374,3.331264645878861,0.2916430944386147,0.8155285320585456,0.8098196163544725,-0.4275491441238992,0.3478470684726266,1.2380500321450034,0.6311169740460763,0.0600032229801528,-0.2023255679181949,-0.931127151698867,-2.985364301009904,-0.6397290016839504,0.6741597952981132,0.3221463475815925,0.7356147696545594,2.084334081422758,0.533812780772686,-2.3215224817438243,-0.7604840264597497,0.2439475441628162,1.1885618269050209,-0.589983709339476,-0.8420551878977203,-0.0744223182072167,1.1539908086773782,-2.1355733473995997,-0.0547563683026613,1.6552147592559754,-0.5477134697732559,-1.2224443563140412,0.9273465988706688,1.358274477144393,1.1197557359636332,-0.6778556220274717,-1.5353940978191654,1.0693014223346946,0.0032350410168689
131.0,50.0,0.0,0.674744898493034,0.8634231731687341,-0.7057731468433273,-0.955516974848658,0.4503946537252344,-0.6795786003596297,-0.9515303515694424,1.549227934808191,-0.3802474634102766,-1.4946618939284235,-0.6942481847585997,2.270123951099711,-1.0022380502005543,-0.219884732012268,0.9129164118149724,-1.487160328851177,-0.0902396358123729,0.7841357878665975,0.5055125425443286,-0.0416052879379146,-1.1428010053175632,2.6095951861739404,-0.7791498686875109,-0.2687363888253015,2.557620321603581,-0.3860489821495549,0.7098560570328878,0.5456468451559257,1.004493720554512,0.0564005131767859,-0.6328607293536747,-0.1451235886162329,0.6277497926686315,-0.0736491515311198,-1.3718643502679226,-0.4031339323665514,0.0013923113417495,-0.6243401136769398,-1.6263131175076222,-1.2035555843892023,0.8889063956346648,0.9045601015237524,-1.4109863461979988,0.0575266711749185,1.3180784874857143,-1.124795804502312,-0.4381840007673598,-0.9669675335050142,0.4983467021985798,-1.1869761513006931,-0.0307663992129673,0.2753577850400739,-0.5259760108375339,-0.2779722038264912,-0.6946960317432478,-0.314224675757931,0.842416540441745,-1.2421595987848677,-1.15817077544158,0.4929831574889997,-1.6193946226721423,0.2870071687120706,0.4367236989187176,-0.7715877860659011,-1.0645307655370042,1.8262742796140408,-0.2186130225609949,0.6351814197132651,-0.1006493137082202,-1.3523703606262687,-1.2126891475300454,-1.522202613632983,-1.6365966282359925,-0.2222523262260755,1.4336522447960929,-0.302038587796106,-0.3306323442025666,-1.427536184022708,-0.4372668538591204,2.070785296214077,1.2302178084887652,-1.961586616108476,0.0151284458072551,-1.088280268826512,-0.1959561333999326,-1.3271180002728546,-1.0329976218600807,1.4621739324171297,-0.9560977966252936,2.841011098642235,-1.1373070322137966,0.2643445732822911,0.7350452798400774,-0.945466649613179,0.2344555988619419,0.8376129279122464,0.0416388726718954,0.5635926260349877,1.3856164807034543,1.585720272206551
96.0,159.0,0.0,-1.4773510654729338,-2.05374313938396,-0.6836113370943437,1.091090692878562,0.7503101147065496,0.5853385616557445,2.526060829700248,-0.7770188932317774,1.3085375788366802,0.9980897693829078,0.2265744987223958,-0.3447855795453645,0.8407350712766992,-0.0423135069740453,-1.1069833322656124,1.1746549074794967,0.7188936655438143,-1.864567615276536,1.9580960530541125,-0.0765177674331569,-1.5250133095803275,0.1269277759665416,-1.3007835702918222,-1.8308632914671,-0.8154762939405733,1.4663039117166936,0.3745860392094166,1.5030116148683312,-0.9381152959162008,-0.6299988421510307,-1.8038884375847064,-0.6436784455156861,0.3150330846235928,-0.1996625947915301,0.7849642424532512,-0.1884257650755899,-1.2415515929498593,-0.4942965935589628,1.0657559100033636,-1.0552767517154864,0.1182333351891877,-0.4026714910882214,0.0435989665879056,0.0410770239475224,-0.3997334613711799,0.893400316120161,1.4658920000312434,-0.9237811370849792,-0.6278118458736526,-0.062210287830793,1.0299454164032582,0.4198212759335636,-0.2061092853517651,-0.9150204283792868,-0.5447488472071214,0.2434019784782515,2.0424856090657797,-0.1806254479354258,-1.151385512463043,1.0500411135384824,0.9497738392904148,0.9742813989143548,2.5280032951473794,-0.1191559003387378,1.0746140854342496,0.838894559472138,0.0796996937743282,0.7659332259477127,1.0444884215586585,0.3137716367658554,-0.1984429798908771,-1.2477421564015962,-0.9565479025539164,-0.3369486432260999,0.3849909123835087,0.1488284204242436,1.0002652446169151,0.2433462323758187,2.165086380740245,0.7150408720189655,-0.9539178805687772,-1.0808858290284524,-0.9162364269178882,-0.5225861630254913,-0.2305878788303368,0.5209956008221911,0.6140755874114062,2.404027371552676,-0.5329979983436152,1.1472692555561572,0.6269872812788198,-0.3877790141726204,-0.2445864236003859,-0.9049307694526282,1.040688513178077,-0.0033982171082549,0.3521343598739564,-1.258064556057032,2.867203841795717,0.2302068707507353
55.0,73.0,0.0,-0.0328491491820298,0.7513243491342654,-1.3707976288139163,0.8015776994350938,-0.2193143642232089,0.0870732550536896,0.0875104100807384,0.6604809476714449,-0.1982895297681767,-1.1528896670850484,-0.6767670975334144,-0.3921344062406444,0.647248074408928,-0.1286338927418819,-0.3236718375755479,-0.4689197283590157,0.0401499147855197,-0.2041270189129532,1.2163727486507152,0.5000079846900201,0.9035788718128536,-0.4123969122217823,-1.7466280084124437,0.5365025245700524,1.676046691561334,1.0119465426085643,-1.7931674516605167,-0.1165693545557526,-1.9574686633588476,-0.0575710115305615,-1.6486878773745683,0.6493022203267129,-0.1023495455951075,1.177826728105582,0.3312376433873276,0.1724636964216142,0.7339004947496977,-0.680269537178281,0.8879436136991615,-3.4275245140322808,0.3425670905933614,1.3731310218028383,-1.6005272797277412,-0.6392524252120175,0.4461664791405664,0.0153751642043268,2.308744005846972,0.832774369743398,1.2928572716043596,-0.3075838277643779,1.7739394565049778,0.6915369527690802,-0.6927108496738115,0.6371996113712027,-0.0749998053312253,0.1976720342804877,-0.8621915222351377,-2.1452721519339413,0.1370782201346158,-0.6245492683371248,-0.7947916972120258,0.1456030812374855,-0.4669754867365808,-0.7762545847831308,-0.3354398108863675,0.2305770539854834,-1.4833574881565237,-0.520699620268264,-1.6284748169456154,1.5898233899564302,0.8956229381882059,0.3544789241547106,-0.1210383477980398,0.7992631283380751,-0.4395211111971361,0.0122690611463756,-0.3627095091073662,0.7206674766199879,0.5421175100861192,-0.5701762115920653,-0.1969353958663064,-0.2885900950998377,0.6486009919367268,-0.4368517761593736,-0.3118040554329471,0.5453253452268866,-0.4911638296415155,0.570718642748013,-0.8501929368222765,-1.2706623410439488,-2.370178318585297,-0.8535783004300649,1.7453663938236674,-0.1594345000911753,0.6614872487734007,-0.0812444236781292,0.0259061440817676,-0.1825745072583578,-0.6451283609229677,2.386238911566924
106.0,73.0,0.0,-0.4505901812830033,0.0677254956692644,-0.3997658569098919,-0.4219973860281926,0.2958879622418601,0.3364284667915889,-1.7064417231585212,-1.153666342405492,-1.3401623651192502,0.195733484395555,0.25439055146006,-0.7628370373980511,0.3516446722897897,1.9579065867850964,-0.617962992640718,-0.3523928491126036,-0.3806057676720845,-0.1838204159473273,-0.1963754845336742,-0.0156416419678956,-0.687164971191701,0.5390295305468042,-2.2677399575124464,1.5673230614208296,-0.3120483499075219,1.951945046756026,0.1635242731518508,1.1960286196291818,1.4306715450564749,-0.0425627000757189,0.7611536130707268,-1.0298015029815,1.1806460034836177,0.7805786248180135,1.0698226355274958,0.6172990455178905,-0.6215648198266919,0.929492448776855,-0.414982292485349,0.5090563489559475,0.8125097970468415,-0.5242366864172083,-0.1567154262975639,1.1306108005388782,1.254440129441587,1.4994582277583284,-0.6541260376696554,1.6023042979939317,0.4467515288861968,0.3142237643288096,-0.4617544510259447,-0.0302224523884103,0.7051479706137422,-1.3538643193392923,-0.5757798404215672,1.8449370391634363,-0.0049989804111008,0.4237816606056549,-0.2267188859090766,-0.2724242402273698,-1.353932121204796,-1.1591966776727696,0.1733135563713463,0.8329965806415891,-0.5699387416369743,-0.1715751006207416,-0.4868033818958438,0.0810917809254331,-0.3683671935300804,-0.7120194879757973,0.6162489731968012,0.9476987546586616,-0.5716978358985269,1.2731251143395088,0.4767974497287616,-0.46027132668376,-0.850021543660429,-0.1226568869519849,1.9016917441386232,0.4797708269426383,-0.3996357773752921,0.1696321614261418,-1.181420101671548,-0.5235988912022824,-0.1345239861344057,1.2288920013507107,-0.902439115155304,0.7417997868267696,-1.1341680131256022,-0.090730194228809,-0.3734331517778663,-0.8239925124138161,0.7633531028027041,-0.673882170399347,1.093192037257404,0.1104873857845509,0.8577602870574809,-0.5825172594119679,-0.6329977631837349,1.2771623644403964
70.0,134.0,0.0,0.9919881238615288,-0.3548041449246691,0.5853768489397851,0.4181548047086195,1.1402652532973718,-1.612888344070535,2.136660919397321,-0.8746393127681524,0.5956802964960171,1.3003562080323836,-0.375111759397604,0.468770006092697,1.139441925627624,1.7516646536194325,0.4139063236870632,0.5564864449473864,1.801183369170934,0.862828931646574,-0.3197520109796635,0.5086160054116278,-2.218493804736385,-0.5696340553021821,-0.9330669363117504,0.3277885736797004,0.3694410257950796,-0.8341710281465615,0.3723324483391397,-0.3656894329451393,-1.7218337396152354,0.9477919462382922,-1.7349453915101585,-0.5019559820168568,1.0615283770339672,0.5042335312743821,-0.3340803985808171,-0.6920920176657422,-1.0006241788975905,0.9334002952638264,1.6633521706128602,0.5985075483476442,-0.8901388272530519,0.4746031199405266,1.171568563829686,-0.8509207209677805,0.283074226083621,0.291219330968071,-0.5678285292780489,-0.0235994661447501,-1.4418315711492102,-0.5042312456845787,-1.0040415921889747,-0.9576165221999822,1.157054930416597,-0.1026854006514596,0.224640026984101,2.418762188912827,-1.0125011942909203,0.8936005118491432,-1.1573203839212558,-0.1034967814156131,-0.2589182796186017,-0.0512389103049298,-1.3007795738808765,-0.2693488798789675,-0.5032130323131443,-1.258296120943324,-0.3137290282383326,-0.5972510453894438,0.5539961884196739,-1.324752888964318,-0.113289083846669,-0.3886776286844989,0.7016081063646588,-0.5226425651963849,-0.187643227953082,-0.9152829290816028,-1.1662573914673942,1.0204182491811111,-0.0640977857764697,0.5453286101248268,0.0078172929338851,0.7725809035153312,-1.1429559755182204,-1.7017008942529184,1.5847052180599142,-0.487411547092381,1.444110804361532,0.4025781244934412,-0.2337650938742856,1.6916442555100912,0.6315960834889343,-0.0170258427165493,-0.0141167305683994,-1.7824165248120911,-0.1888005943089376,0.4746813929432778,-0.5769057645090243,-1.4812891005614248,0.4525832019494569,-0.092333391278524
171.0,144.0,0.0,-0.6551324328634166,-0.0140241014951945,0.0820219528271843,0.7062468819100234,-0.3469485504842584,0.133016778861296,0.5244688311113852,-0.4464448921071387,0.9499567924686424,-1.1099787499844411,-1.4249431746960757,-1.479242286203464,-0.3398002517043739,0.7394618704528927,0.1610095910043872,-0.3041112657790333,-0.4808725865508124,-0.6659390174897912,-0.0563012087199907,-1.7747136849888774,-0.7743590396171185,0.5908710435359139,1.4222059821780415,-1.3497206402643442,0.3727885182286241,-1.3089347661129278,0.2717642644986087,-0.95242196194947,-1.3248650655148897,-1.5485591132176644,-0.7814771302204269,0.7477954007718923,0.1025942328809209,1.2953235400019354,0.6527860165751751,-0.5393879646868489,1.0830784591769145,-0.1261355504508213,-0.8952543257456175,0.968787798914921,0.2389173664365095,-1.0377437756312775,-3.516505693798964,-0.9899548498515394,-0.5771210561009767,0.7502211360722376,1.634926467962639,0.1397482524897882,1.1871946153212047,0.0371763196645676,-0.3830547721858723,2.0146835169139514,2.0148672498087823,0.8351632590253875,1.5001048073281562,-1.0125436521932505,-0.2001661073725135,-0.0328055421610772,0.0973803114928917,-0.543715149517405,0.5255235559087219,-0.6907350290633745,-1.2444978395345545,-1.9825468085230384,-1.0808567623340035,0.2131677827496948,-0.4273804468267124,-0.4788246985311931,-0.8523078007830162,0.8133388866374016,1.5054644030155169,-0.149121919946095,-0.1915605243532038,0.8033927496346904,0.2170402180126031,0.5793996881361564,-1.164179116919724,-0.922455883279982,0.1092651757102707,0.4817030016501134,-0.669923226270846,-0.219587195717375,0.0116767479929798,0.6739886959800782,1.1936029729346935,-1.4984336379588687,1.0035390425655055,-1.245855382395248,-0.2873598246705,-0.6493694463504858,0.0236118914603957,0.6303408781692255,0.7493817353648513,0.550229435291312,-0.4328997243282106,-1.6005976979360943,-0.0239797350022109,-0.4644146343968623,0.6553976929992889,-0.7129645225318617
194.0,186.0,0.0,0.8674075331103064,-2.4738935858063744,0.9869011768737496,-0.3102644590490374,0.6309238247596619,-0.4030607243960824,-0.2615995300078816,0.2960394379247069,-0.1647983667415941,1.000660299392732,-0.3905080135517348,0.0666978498171229,-0.2806717773100605,-0.2884550339153686,1.3064608477903978,0.3927691764862481,0.8714131159144383,1.0034081208774646,-0.5889238554583947,-2.2100551341576864,2.591866814470562,-2.671011540371337,-0.6586638360542334,-0.0509735197852869,-0.4704684571884602,-0.4735047933108501,1.4975531925187917,0.6520350702983445,0.8397927749365306,-0.6283971224637925,0.3020034900396227,-0.6561031899842091,-0.4076880247480413,0.5899653404150701,2.20769453343666,0.0882111832684568,-0.8781009386780948,-0.920091788947381,0.5022280299206929,0.1965643868986508,1.339851954590802,-1.0828059716217888,1.1483589152083793,1.924059443213378,0.0503754284721763,0.0937433850216468,-0.6427190794926414,-0.3633601675575973,-0.5598201170479369,0.2464840310576321,-1.2915177831061246,1.713967341616638,-0.1787354606111708,0.6896083742275689,-0.7519516691344067,1.322500071027442,-2.020783154777544,-0.2340687997122408,0.9793363594973488,1.1434115653839336,0.1423690733425876,1.717993666534305,-0.3474595413460192,-0.1623248143614588,0.6941304271495439,-0.7957600137438512,1.80363881423774,0.2819064581299663,-1.0242913210352014,0.57206144577001,1.2337974221826795,1.606378913886497,0.1481574151458583,-0.2643524334823224,0.5696872460053255,0.5533201917249048,0.342587201548289,-0.3418194425525398,1.9913956486661328,-0.8423732134876454,-1.4062994106866151,-0.0469044762566573,0.7899548412555745,0.6161693480819952,0.701854236930572,0.3645251171934575,-1.2639614793493754,-1.7241848970092744,-0.5640588373143677,0.8447219474651534,0.0918291724125803,0.2163597577600382,-2.2888285868264355,-1.329029714830818,-0.530628855658827,-0.9040689374912728,-1.1984650108658397,1.061763314704952,0.2974404397198322,-1.9945524214868715
34.0,62.0,0.0,-0.1296818160665675,-0.3318711830577894,-0.6328760919934795,0.1005582202099267,-0.2019052883501553,0.615053395527849,-2.023457280443393,1.0621001839042408,-1.410609781203852,-1.59765809685704,-0.2175151989635241,-1.733788671722558,-0.4894052494101015,0.5201757024727226,0.8449725505103717,1.1735895744927154,-0.2194549260193423,0.045726812404328,0.8053256914201049,2.773556681181113,0.6081451198375707,0.4310329203157358,-2.105551346323508,0.126327596928706,1.3637022436927868,0.6604778577922711,-0.7659216684222161,0.0950548390729741,-0.5884697963802802,0.5059691701558622,1.0803399831651077,0.9889922895962168,-0.0608032638719552,-0.043396200177544,-0.6861022266785441,0.8392587060363542,1.109329454042691,0.037891271975976,1.386655897343141,-1.824156479834852,-0.5591743283186368,1.3375366793634251,-2.5613925733833383,-0.4353262778672217,-0.2317461279532397,0.037144850404384,1.2853524051943233,0.1662070401022873,-0.3755751120775117,0.1621088776036753,-0.9267562788575208,-0.299172754578121,0.2864394528273626,0.2557027730413269,1.522987405258545,0.7663893387062213,-0.4549294485514976,-2.757438067881734,0.3271397215994477,1.25819555799393,-0.5341324339523571,0.3622090159884053,0.826297126772974,-0.6317333418368598,0.6104405393126284,-0.1933798465993346,-0.3239771850960539,-1.2453272930259232,-1.3969450093517777,-0.3355639537595652,0.8868070894955803,-0.2515197014306558,-0.3367077751859014,-1.3645500769508236,0.1461561961368893,0.8010107826882741,-0.4164393661446163,0.3279761088364887,0.1726633687522617,-0.6422341011585271,-1.5784862663906172,-0.4451137250549217,-0.5827629510458538,-0.5979436125727604,-0.1544325306555886,-0.1815303704940915,-1.223717896893929,-0.1887398188656832,0.798559340028742,-1.529383652787233,-1.489140097135868,-2.117245736966178,-0.1049869654570878,-0.6096486185450508,0.2434205816435476,-0.0062875557182449,0.5232238372292254,-0.4456113602538425,-0.3377632802697715,-1.649944453673522
32.0,25.0,0.0,2.2169331730964235,1.6875124950312277,0.0794619119060504,-0.2016344031664931,0.6580338235669625,0.7313513157369438,-2.0712176880124167,-0.6923497068083933,-0.3581843991218928,0.1797296874828218,-1.340310925817026,-1.116247905479586,0.0953659523976174,-0.1702925186178115,1.4662655532914728,1.1063700676257506,-1.6402264589417392,0.6591699173193437,1.1246730539819594,0.0491940791538094,-1.0016510691980165,-0.215007128370683,0.7156790881057613,-1.0655528239566392,-0.5734169875185662,-2.1509649392017867,0.1230909307599692,-0.1586030608784935,0.4236850594204002,-0.0935537763948576,0.5693036423602034,0.6069237493171448,-0.8749741462587393,-0.4852950910938646,-0.0582398751394449,0.9132545880162224,1.3049224227649303,-0.3368762144364125,0.4403765512835003,0.8274939219423556,-0.2878402711300554,1.2103475861692845,-2.379472133831764,-0.9837697545074228,-0.0153198283644974,-0.5569486404940868,-0.722551764647723,-1.3037764269019867,1.429882667857312,-1.2776135852318409,1.3502521240667225,0.0012771259634166,-0.7871294453142992,-0.0039314277120139,0.5815509848040916,0.1749459778174747,-1.4852540317576108,-1.5407480883076727,1.778042621312035,0.8248842554602205,1.7091682510661126,-1.5664996224914738,-0.1522665930075053,0.6751479139021096,-0.0583141380759539,-0.683554420165953,1.4677319627631251,-0.5284695887502687,0.8613440364312743,0.7342532996731901,0.2955510392510638,0.3831333065075302,0.060931838207609,-0.5415321999937501,-0.2240973243533795,-1.6894560976900086,-0.2453299723842315,0.7261279414756432,-0.3683721698497185,-0.3900715377913754,0.2683988369095266,0.5619824204122301,0.0273340410677698,-0.2084714852578223,-1.0064812659584448,0.2473317443018139,0.0730818951619003,-1.176450611443553,-1.738305076117867,1.6811765908651717,-1.484210525420954,0.7091665805589913,-2.60050266884498,1.3613272672659649,-0.9416059385223412,-1.2655154361656018,-0.763415572664646,-0.1549239545876474,-0.2369174453948691,-0.1377002186651075
70.0,20.0,0.0,0.3336697049805743,0.3587097747102588,0.1881444609399485,1.0150034597726307,-1.199501483737194,0.5034646390634517,1.10150230990636,1.33637627349188,-0.2683716936631814,0.2546007342667638,0.3483027237021275,-0.4314515720737237,2.2421232325228866,0.0655765318608731,0.5234650731901722,-0.4694127999532017,0.3371312572526167,1.787045808992454,0.1419112790591947,1.6380317751280913,-0.0988764809529632,0.5389675660295613,-1.325307542217387,1.226896738410702,-0.9152251619105304,-0.81273813002089,-1.3533428057682488,-2.0377720521366016,-0.7996363342021238,-0.7581379826372715,-2.2616226338369154,-2.569635296402144,0.2105126622040539,1.0354890653410105,-0.5408986798414727,1.6007960685131892,0.8827384705431479,0.2576962455723985,1.4157773809744136,-2.2215509898797423,-0.1829270354143364,1.9829661786594528,-0.0007572298425328,1.3439615052498162,-0.8922614254360529,-0.5074182712600153,-0.2533474025590292,0.3198919395827336,0.4245799131559038,-0.631455860460544,0.4984675650811466,-0.6873565044921687,1.658918559763824,1.5385947020040225,-0.4579333339817801,0.0282793878961433,0.1333535388809335,1.1175174283322726,0.0734205670281893,-1.1602626854261051,1.9866244964517128,1.8951666644731635,0.3096050716102286,0.1418407966286911,-0.3096398508188629,0.6200870699526583,1.4474817569228855,-0.4939734825866425,-0.4714394322383191,0.005523106813554,-0.2680246468279738,0.9827597631946392,0.0538944456529539,-0.5571759980505411,-0.1729478539337909,-2.3128358436867518,0.5564223498748948,-0.0656905666646105,1.9691163783385284,-0.1702511586364437,0.65059296191748,0.7446622390966529,0.0354130856473694,-1.1455829531088884,1.116457211977574,-1.882327975702017,0.576994440828442,-0.7967847024641984,-0.5129559545316126,1.202698788462274,0.8872873489917129,0.5139412766067921,-0.1369140465955725,0.0404057358126652,1.291409839593347,1.0628404660284263,-0.187086363877409,0.5402938129160715,-0.5480150847184397,0.3568566417581997
175.0,49.0,0.0,-0.2492634303327211,-0.0976314329780644,0.2349593842828042,1.0480367626375566,-0.2711110501655011,0.4522452509678054,0.9644407791426428,-0.1239315761068055,0.8158628029068686,-1.3447849540926966,1.1109161923032438,0.9357005005573054,0.6424955649701845,0.1641735596814616,0.1943482118098003,0.7557266142356993,1.9949472037175304,-0.4274089165660556,2.2386031165483726,1.1028122993538303,0.32202077150359,-0.537702704125504,0.8529030674344682,0.3539601853059995,0.3089256817097953,0.2299727120608584,-0.2800019570919694,1.069329711205771,-0.7174538104258577,1.7284590248537042,-0.2795305153992034,0.7457596593035074,-0.8750246880211631,-1.3178820096603872,-1.0006113922715565,0.3609147652064267,-0.3867208471559734,-1.086171770489244,0.1456067033993074,-0.8414624673696701,-0.1917249195834972,-0.6409312680686384,0.2505612624014584,1.375337144999221,-0.9846732014955264,0.6228973730617514,1.5175695968731502,1.2664101563712036,0.7590345217373191,-0.4773707854437139,1.599213191894782,-0.9267150952877284,0.7654063015553064,0.8588634357485929,-0.7565716148806946,1.2518835104859023,1.3556083204425344,1.2298405494590736,-0.1370185844713164,0.7169235164304852,-0.4193269089549006,0.420542408458989,-1.259409338050986,-0.7889487846758261,-1.6116740292280176,-0.880608746223253,0.9647647233947438,0.237226250739154,0.3652905656482975,0.6338047227842935,0.8573404759848464,0.6139075007934934,-0.5523523115925567,0.860772428186067,-1.154069703234141,0.1034188993913524,-0.392637388773313,-0.4368369453407076,1.6481252298928302,1.2465578538608744,0.3588727064611153,0.4407123101218221,-1.5084560734768069,2.2397968305869167,-0.0105512570954126,-0.2940756106775587,-1.8706499490197463,-1.0873098789278763,0.1546994027870977,1.2441231385858744,0.3294644053855513,-0.7474967186501471,0.7862491316157503,0.6482744706559058,-0.1273636392592031,-0.0599852162475009,-0.8583547830035798,-0.1447073593466133,0.7892938766123796,-0.1430134464510786
171.0,89.0,0.0,0.2962218721153292,0.5049119101902347,-0.8801363787679614,-3.559571527564612,0.0131784685061271,1.7986901834924978,1.2423292764046463,-0.7260881314386398,-0.0335123032972616,-0.3650399018630992,-0.1188877696012209,0.5603424038599261,-2.7801698634361216,-0.4850956628266996,1.6836220693284172,0.2490913838876727,-2.1879900490967925,-2.5131507176735197,1.170988185343862,-1.189304557840654,0.8555083192987991,-0.2886903752061037,0.0780320161817128,0.9288067575974948,-1.4701697822759447,-1.1808861745034995,1.5132020311886605,-0.0565303060424235,1.2123140556458325,1.3491206388805788,-0.115113164340297,2.0327557756698758,0.602157311604153,1.588374189629672,-0.6612429801117174,-0.4311159523732552,0.5613500839868605,1.3665398064718708,1.1388939625981684,-1.8801345394904836,1.5011295450645934,1.405469735425587,-0.3100495670739396,-0.1734996884079626,0.0442604848574474,0.9457114288866758,-0.324611794577176,-0.024344342945252,1.291431978074613,0.6765976374377372,1.6730844151062958,1.0045927728166109,0.9849349541246571,-3.210265154612668,1.0166185003533772,-0.0466988531283876,0.5611081620464489,0.0118702286233051,-1.067893486365134,0.8535945417340537,-2.601227101372225,0.2192115869313027,-0.5818205269893413,0.0075123006349035,-0.7053643223226788,0.3235946354344098,1.0346559694214317,-0.8168231453951542,-0.6569614380368881,1.2605611674603594,-0.2606334435815199,-0.2280395084267828,1.7611534460096987,1.5109007944023252,-1.9648584389585173,0.041415628309451,0.8164684071959053,-1.2930918170468724,0.5548060658639793,0.1433687594533684,0.3509685023016904,0.7856873492270812,-1.2143868226842482,0.0290969348389786,-0.9532672515961972,1.249858047365756,0.5041914055628984,-0.5527340388219997,0.6284369101561147,0.5304622683630251,-0.209863735412271,0.1087338438234897,-0.326497988983781,-0.0017099885146445,-1.601858454655256,1.11411092503051,-0.1171075747725491,-2.218926816570824,-1.1237950840975937,-0.1624154792151007
13.0,194.0,0.0,-0.6514541126616068,0.999252991504242,2.0667123373936445,1.6556254777943105,0.2455841754872669,-2.0768362725727445,-0.220622257216879,-1.0798720974449736,1.332927755687486,-1.660309282693535,0.1392228352700858,1.724630334180444,-0.6012562589918808,-0.456550491537751,0.8011433086691138,-0.2944576883372248,-0.1196563970482357,0.824812454417759,1.1386404546362614,2.0796552928252496,-1.2505663594627527,1.0815044575150368,0.4036358966514959,1.460903555715762,-0.6099290590350213,0.3631750822226889,0.9381402473556048,-0.8691345683974241,-0.0474692232459824,-0.309994952392276,1.3981498271959356,0.6049861060483942,-0.683028092355552,-0.2008534058382167,0.5632002417568571,-1.772763909717232,-0.7968675364215005,-0.9389970400810668,0.4889942593949729,1.015039931788302,0.4390176400140594,-0.0563024468600764,-0.4030831475472255,0.9351134452144504,1.5500416825266354,2.087653427305051,1.2233424627136782,-0.1422609513348504,-0.3487044326922398,0.3856709426810552,0.1722591026603062,0.4387511748424235,1.0018556632937032,0.6759377451465423,-0.133742893442649,0.2339237141991865,-1.1590353895220105,0.856609698356203,-0.1922219052171583,1.229802532639802,-0.1683450511926237,-0.6715959161246121,-1.3057885017007238,1.2339492503867011,0.3059017517031793,-0.3482945861715441,-0.3206721916503054,-1.2769819027773923,0.2844992126863239,0.0781542958458393,2.402562466620614,0.1125548262263235,-0.6842196717644375,0.875221352524602,1.730770374326429,1.341103204007163,-0.4404194528646466,-1.6209230045739194,-0.1997517230752345,-0.373293837592961,-1.4137981201254344,-0.3711908308764529,-0.3291104178698859,1.356701471247124,0.7242885256779202,-1.447456890016925,-1.3739177533200997,0.1024066130148419,0.2399253376885644,0.1960874362633475,0.686014643385046,-0.9557291291837928,-0.7133955899616864,0.293401055782152,-1.601095836663358,-1.7015733150483665,1.9969099444481693,-1.576745701429831,-1.300179845942338,-0.5166934515216656
112.0,25.0,0.0,0.9777809395013032,0.1978703630866899,-0.356690610552993,-1.7472477072764634,0.3730788202152976,0.3703823814486365,0.3782770216330713,0.3531634349815875,0.0150581765337431,0.029128714312459,0.6724000261412363,1.0489240433511269,0.5908953944548577,-0.6961046320328421,1.7370912181918226,-3.1030518712328905,0.2433399829687691,-0.1492606989153762,0.5806135635545725,1.3438122580041294,0.902344939097269,2.354652829346932,-0.6469303214533383,0.1546070831043877,-0.6352624248923588,0.5156868466890637,1.0502954811400378,-1.7653847047402036,0.9280927472293784,0.5637206383228262,0.4911838077793525,0.6481491173056494,0.4896264816000047,0.666576668781947,0.8215989348842984,-1.1321780616099146,-0.8320069972308202,1.1295707011995686,-0.8891617218657266,-1.2768743203993267,1.896746496153917,0.1940063782898537,0.585278582318752,-0.6092946888132756,-0.5479275592310725,-1.8668986689871128,-0.4385948502323726,0.2826391481242681,-0.0390299464309218,-2.016773363831308,-0.8759615298581451,-1.0226002995119656,0.801676288821245,-0.1407388785291939,1.0928570148318293,0.3373477647329431,1.077670754621016,0.5335568793368939,-1.4493194786967285,-0.8525660227809021,0.212628471493988,0.5060781888232371,1.8701286195860425,1.9953434225258837,-1.0449224565991155,0.3206226872021139,1.0575180751095168,0.1863415124353945,0.7494930032265259,-0.126285584582485,-0.4064909135316413,1.0849061517868588,-0.0713704119615253,-0.4704051628739491,0.6449032416921492,-0.4926995779616908,1.234617906499187,0.2617995093916397,-1.1847328882306598,-0.735762317789519,0.5329323879165493,0.5142238003309632,-1.9157380846524847,0.6063856887420231,-0.851198326365185,-2.094802133754228,-0.2594655589414119,2.6912348938882187,-0.3032142137066616,2.858895856157794,-0.288461780428817,0.2498952421756153,-1.1866170372968938,-1.3134652823285191,-2.270652111270834,-0.1149986608533852,0.6012414416577827,1.479668365693379,-0.5877114708463173,0.2965254775962492
73.0,73.0,0.0,0.2029997052273638,1.1905292563485164,-1.3667832818485297,-0.4816229267961184,0.2676043547790652,-0.463143519418806,-0.4666853105541994,-0.2875270712864115,-0.0739523924007654,0.2790596736077457,0.4061135128124361,0.4984913249168861,1.0529687624377502,0.3018519814567281,-1.982109620196508,-0.7439730160122999,0.3242083108910296,-0.2393788747308586,-0.2658672128376932,-0.7779444028394678,0.7447507238164153,-0.4688255530614542,-0.7437665610235943,0.4700045099546234,-0.1298829637996544,1.2654313422424164,-1.280465329515146,0.3199005293092424,-2.3132061217388324,-1.4290000191271013,0.702439818305059,-0.4785601985564168,0.0905419156412743,0.6555539660527828,0.8955422766818646,0.6769036371373307,1.0006587308188075,0.5289748609651356,0.700251168068234,-2.010480781939552,-0.1681103178643375,-0.5439049853754563,1.5826280011363143,1.3111821059924378,1.5666985233895527,0.8789410321716843,-0.2420518716133582,1.2656395113282752,-0.2252201208572993,-1.0982673626694963,-0.0588669343705126,-0.6407955114690468,0.7522890631708641,0.9334675708690434,-1.147976504194579,1.230921416142975,-1.3476631165524915,-0.1095339825388922,2.367052878679962,0.1221363103279734,-0.0975500202670074,-0.1569382416461976,1.0373408568668556,-0.8848022305016681,1.0435973440056916,-0.1575044943047707,-1.3659404289995276,0.3959031045262121,-0.7947228505282546,1.2041552598801015,-0.4676813220785108,2.690174006245387,-1.556609330523642,1.532313518585763,-0.6316663310098695,0.1426416258509143,0.0746003780716875,-1.5527224111599771,0.5724065093264842,1.3510850070512972,0.0581908423790692,0.667530054875519,-1.1903069951202778,1.5855042013721492,-0.3041708703317851,1.4851253908292208,0.5423843409889345,-0.1924197419736282,-0.5205808768053145,0.4767105920401099,-0.4606639832476629,-0.9968916797560275,0.7026843986594491,-0.9183879128969298,-0.2638075543381475,0.7596987303892805,0.9535891422010374,0.8484944364767248,-1.6090595319121928,1.6788319000737326
132.0,174.0,0.0,-0.5602511070498941,0.1428637221562821,0.4493311391911393,1.3719254216995358,0.9493284035228609,-1.2758177782414906,0.0547150645583258,-0.5431166018901934,1.6896628827728828,-2.039800504046711,1.1334474704974278,1.3248304224097214,-0.2158682194545718,0.814411029277698,-0.2667978827030558,-0.7328990815409041,0.4749543223401969,1.3089357116951588,-1.268156956867862,1.3667245904785463,-0.6941242638371129,-1.2255607723614592,-0.5288042109983275,1.440177903157391,-0.6239308983479362,1.3528491644641376,-0.0090444091671942,1.90714460752591,0.0409258246326691,0.0927665269774464,-0.1544803531383539,-0.5501598206423783,0.9113483212665086,1.0840660030116651,-0.1204533112595148,1.2307711089414035,-0.6345000784153975,-0.7091437529549003,-0.6111907578199889,-0.2329825746583393,0.5629038195703366,-1.6214768890003155,1.115499436449792,0.7257068397100384,-1.1114764187596922,-0.099762062400684,1.2041675895132435,-0.1616876208118304,-1.0558793191685358,0.4356724710529427,0.3849467427415358,2.0331716281382555,-0.6982414951129094,-1.8774546263930647,1.4290490133237983,1.560008199314739,-0.1495983062342149,-1.6828065099814025,-1.3507923165826072,-1.2901818003037822,0.0111462081382743,2.4851858614247595,0.2548477919112758,-1.2986561887070067,-0.5174498544827948,-0.6137269730934801,-0.6588287836887342,0.7010442721464287,-1.1194320958290112,0.0165070008656461,0.409141369381643,-1.94782671169698,0.5055858682852774,-0.0057684929946686,-0.2746434615608776,0.5574785569393459,1.5078289017142512,0.6264429128442173,1.3520056605617836,0.2575423015345094,1.7356148838564285,0.9044133939438468,0.7688644418525336,-0.4419540490537457,2.0835982390666814,-0.2614592140854314,3.351141391128266,0.0515775306993622,-0.0566703315392046,-0.4086546647148863,0.0520489076391859,0.6675116895346369,-0.7192266480369329,-0.611907902378868,-0.0502486545059232,0.7465095975177812,0.3583129217692417,-0.841542166948952,1.5854502560689916,-0.3796135223508244
154.0,131.0,0.0,0.4336216841143846,-1.330713372081573,0.9027779250477068,-0.4513084642504462,-0.6727788042568819,-1.09368184246807,0.0085542656921517,-0.5015617034170953,-0.5650705446742639,0.200451533530897,-0.8319696938081338,-0.9782978196379792,-0.357611756575753,0.2619158942630085,-0.8550209983948159,0.4024783330741846,0.641025198258953,0.7591631557883097,-0.2188242260124769,-2.3022125486521645,-0.8332944937656291,0.4978725143480244,-0.6006730752592092,0.233644496782785,-1.2941679727773174,-0.373938464523751,0.2752251199252084,0.5472257488958103,-2.2880726420504387,-0.7738776111072231,0.820567892203306,0.6582606611741739,-0.7833717874939493,-0.0361028847070652,0.1585394577660111,0.0340139277036046,0.4524318239803587,-1.102191360059815,-1.7522455257155158,1.2485094433451571,0.4332282891577131,-1.0636992753496697,-1.471412109984151,-2.0813574407262023,-0.1527561570725238,0.1158979196058985,1.1633043049699645,1.1498182990764083,0.2923772780687039,-0.2032419719465453,-0.6746858512867524,3.04881349200904,-0.1539385405432372,-1.417601716033874,1.127594233080424,-1.4371387797737,1.7979369807031744,-1.0114707612027214,0.7154694962324137,0.2262128729606602,-0.3643148244936804,-0.3930590943092529,0.5111184466256994,-0.3516387109684992,0.5174997154429508,1.3582677222745136,-0.9664338162503028,-0.3642426057240808,-0.7116552569402338,2.3360031583547074,1.072838423298977,0.4343396709191307,0.5330922904682351,-0.3307972347244895,-2.098226519125425,0.6595462884370591,-1.6415050884131333,-0.1586359220742999,-0.0200183462247883,0.8051704182544139,-0.1056281864117198,0.8349715824916077,1.3185562608854444,0.0080595427474743,0.7204657032610081,-1.353954673364173,-1.6014047630584285,-0.3008456722299726,-0.5537166931459263,0.8524951151218406,-0.1909872372186463,-0.2359069470031249,0.4522242336644883,1.621543192551379,-2.1817786318126355,0.3379941399118942,0.1659872057789913,-0.5540872501009608,-0.7559673694143906,0.640188764678594
181.0,60.0,0.0,-1.0150943432034576,0.370978820358726,0.364086865394667,0.3982556535931987,-0.2305662855831578,1.896128411674012,1.4943648618455918,0.3411552822641667,-0.0295741507036395,0.1316643643033085,-0.377207181114179,1.7646908067228306,0.4405403237908644,-0.5605168284239933,1.1756199441742703,0.8875041104875777,1.046501093611652,-0.5551128895309007,2.005266373930972,1.306622164807976,-0.0706869244911762,-0.0972852167619184,0.3065288249770773,-0.0817939337669771,0.3198300073268662,0.1499518460910791,1.1404699860219258,-0.0713040644614711,0.1676161144082957,2.803715359894418,-1.2206562649823818,1.0914637461454073,-0.0586582810036647,0.029924003702263,-1.3507602315747231,-0.498363358129554,-0.418762094076813,-0.0418838227719909,-1.4688393428539883,0.0046399308161888,-0.1693035649283068,-0.0280644329010015,0.0096827302786662,-0.2268697742509035,-0.8692098115770133,-0.2377793844148113,0.6205979049675319,1.7760232966013412,1.083163967190247,-0.0046425915804903,1.1164974621039647,-0.4567839812087192,1.3293152521963427,0.2916470295895468,1.8910797193673243,-0.4948959548338179,1.6906193342002056,2.041363046174112,0.5046354873473953,1.5720699202238346,-0.1131552051880342,-0.6535032889667859,-1.1962649800425866,-1.6593363191115804,-2.0456126066046925,-0.8967009386954645,0.5412731310988892,0.1909233967519488,0.5201312044566668,0.2665635338739515,1.5657416721469477,-1.0259676202383634,-0.0495789830545688,-0.1651339243618163,-1.559983779348855,-0.5782086136593091,-0.4083559104402344,-0.7950859494033318,0.7601362998011031,1.1820717162350578,-0.0458869185631174,0.2189638102253288,-0.9187595716884134,0.8198225268063029,-0.3304445005762662,0.0239314339307549,-0.0934222930217091,-0.2824532952067091,-1.813141549542607,-0.4615429421832683,1.7149844102759657,0.0253221603705103,-0.108241752143179,-0.6709516162338834,0.0385694561882645,0.4272414774434166,1.293321363544616,-0.2902850351292211,0.3917950889950569,-0.4032739876594286
146.0,54.0,0.0,0.8758524361344582,-0.2876099573107833,-0.8975920804756177,-1.0114901842966222,0.3559508840866168,0.6681572450354157,-0.7379273760351409,1.5801298937970187,-0.5805991868824976,-0.5384606788377696,0.9881274345611964,1.186452345373004,0.6208188895774824,-0.9394112589914876,1.1487152146074309,-1.8037951399167569,1.1467622034905134,2.0803978715785925,0.5131201663075975,0.8813004670820932,-0.3858899103013069,0.8337261824081694,-1.3937505655280922,-0.1891656112142911,1.4342067981859488,-0.2176123062105211,1.5396596100440858,1.2837221962732377,0.5400837273264538,-1.7562388061565863,-0.737906243375603,-2.0231337959286906,0.4504468787477803,0.7686587561546138,-0.3137435108422663,-0.7784361630867079,0.1088963857374521,-0.1609046255938555,-0.6853842078254369,-1.3622422993760266,0.9429804561067392,0.3836881355607739,-1.4236489673423152,-0.5426709978659449,1.223757179854541,1.0382920827931073,0.7947610570153568,-0.0996300455766883,1.055808337715943,0.1079175354547242,0.9683764211172392,0.9882710254166628,-0.726260680674283,-0.5854809106051339,-1.5988976902445329,-0.7661373450837603,0.7861131817152427,-0.4846264534468472,-0.4603013619204528,-0.8216612030661229,-0.0137040614279317,1.1841590257751493,-0.7601049356512845,-1.8935474676427655,0.3057857397938691,1.501398680258097,-2.294446827824417,0.2516329691277328,0.7810751002818935,0.9030857364300716,-1.0677898397410317,-1.3488592882805284,-1.102908375044947,0.1039251941954673,0.3363784047176482,1.6340424015409436,1.1604280493530283,-0.7212710532058038,-0.5837903200918025,1.5148405526379336,0.536014174940366,-1.3212713612739482,-0.1991285884547696,1.7964293205613555,0.7833786560835585,1.367741903309629,-1.7497995834270772,-0.1185959053168756,-1.201289253923336,-0.6394016766778723,-0.7582226056490999,-0.047220526239058,1.2793583663113102,-0.2300609995844414,0.6707070706306026,1.946701428978664,-0.9697315607332552,-0.1874212253890617,2.043328007779256,0.8268974812389367
20.0,85.0,0.0,-0.4607601150973072,0.5151306584952323,0.7848646532753313,1.3503613335695257,0.5662273340873996,-0.5398241728971855,-0.0585908502720445,1.7562673191350289,0.5008115949438238,-0.7690457577073053,0.8226278416235625,-0.8264392558281014,-0.5709012668492073,0.8141598609069707,1.420336494618289,0.2528033179400279,-0.2461927326428171,0.6539167845905288,-0.3151795758013554,-1.389226420056057,2.459390632236833,-1.0762600964999898,-0.0134213176208893,0.6521369395352766,1.431694778024,0.3278909481702262,0.77392747962714,0.1244809809411171,1.1037737650313029,0.2696533592968753,-0.4464970268780595,-0.0710549778105693,-0.1842300771830108,0.0679019826087764,0.3096368463482709,-1.4720434778511962,0.5280080529381608,0.2445605604318739,2.5493514829410957,0.8724774538449931,0.8614810322617656,-0.2306200635055422,-2.143653540412694,-0.0744141429482472,-1.9682831979059925,-2.567049032830334,1.2719513662283937,0.0766473481732553,-0.5189716103127873,-0.3957425073162973,0.2222402735421223,-0.7985927216056025,-0.3537732602010948,-1.2425879457514433,-0.9497305474475748,-0.2097571472745448,0.2306779899046006,-0.86628827804701,-1.8371597542361735,0.1940135851641733,-0.3582612085959195,-0.0497559329218728,0.0302717353403204,-1.3476493201689916,1.0113603172127228,-1.083179734079302,-1.332462109516516,-1.8041631623029517,0.4555120822783269,-1.3363542289969754,-0.7369141703148713,1.7355246188997613,-0.2914902112321409,0.6335306447035531,-0.3973539234086024,-1.0280661853528523,-0.4832302571562962,-0.0071095143537087,0.0337467320452503,-0.5302610010737056,-0.2742759347787202,-0.8017223266506341,0.2604209177395796,-0.8971388469239483,-0.8326700127112465,0.1650092261990564,0.0177608748116158,-1.5514759544397752,-1.2976509592365368,-0.5632666947072827,-0.1361678664157685,-2.416972140394074,0.544298441321145,-0.5915406069803719,-0.1603973503564145,-0.125245011493079,-0.7080203129151383,-0.7711478795580563,1.2053286235835097,-3.430125709951054
151.0,16.0,0.0,0.4005769353711583,0.6091451134807356,0.9461433847099188,-0.7532506157799563,0.1194502901041958,-1.306584249507672,-1.1808492091725045,0.3671566893611381,1.192960129080551,-0.383758889457117,0.6957033487411792,0.0130361190893618,-0.7531804593793745,-0.5344714719740432,1.2221428942892008,-1.976919939355864,0.346507377635133,2.429405059031829,-0.0903865449794489,0.3298979780500386,0.8533887628050446,0.5880773046036007,-0.4177650410326606,-1.010129157682938,2.256210672312086,0.5764111870085975,-1.1141409137878833,0.9768856057709148,-0.5711754512500453,0.4268905496932124,-0.1664128083754503,-2.698997278850782,-0.6015513131507506,-0.279972300445259,0.4716618925355204,-0.7708853975547412,1.036894414493693,0.4698777830449016,-0.2332326440358718,-1.1699178478841863,0.3889123561928196,-0.8808150670954757,-1.3025750242802578,0.8555916441289095,0.458176113208728,-2.0687122540319223,-0.0129070060631846,-1.151482800171198,1.8431774011595603,-0.2137025673565169,-0.0940190437524373,-1.6298108384284795,0.94976949109556,-0.3673093036658293,0.4440600740713728,-0.8879602066795024,-0.6834657448632602,-1.5391798074715444,0.253966446629446,-1.2483413484011705,1.415393444466758,0.4367663940253916,-0.0740306274251323,-1.5435392070089908,0.108028879939238,-1.5962554731973602,-0.0136742880546312,0.1002818168963704,-2.5567332347774427,0.2151842524054655,-2.2871526574551364,-0.3134795457613759,0.4955189136522084,0.3536598320989941,0.620861225447918,-0.2096730860504882,0.3079619863244758,-1.0235722400736789,0.7946186821908636,-0.6203689999979131,1.029195553414128,-1.3050694357475534,-0.8153482800035297,1.2140354387811765,0.172846002049239,0.9037196713092124,0.1278763462741579,-0.1970656878637906,-0.0642533083563405,0.7453507734466751,-1.6438757782895383,-2.7776986953458107,-0.0996444875430543,0.7138215766948159,-0.8218519471457416,0.0857211123430926,0.1004128420879177,-0.7196142128336018,-0.4406301949977391,0.7478353161645036
99.0,140.0,0.0,0.1082914509078991,-0.4370981642916484,-0.5984366475193401,0.5261662631001299,0.2356362683534118,0.0157774224873638,1.5553582963297246,-1.5773216846725524,1.0341230374939814,0.3357177541208999,-0.0144922697725844,0.4366370769442301,0.8332524109080242,-1.8565153193757,-0.8254687157219691,1.7104335178345829,1.4342980967829124,-0.9209048724850892,-1.0269723454314474,-0.1077902350548591,-0.4754880757997274,-0.5542178325435411,-1.793847216074099,-0.8426465540663901,-0.7795807508366136,0.9801071503982324,0.5196868843256031,1.9681758850116864,-1.3378711391406086,-1.2491314609153092,-1.6545289836596684,-0.4265525596016403,-0.9422163328767572,1.314614014564334,0.5046775062819542,-1.078084721231621,-0.6814544965642126,-0.1070402859123021,0.7912352786274945,-2.812223514529813,-1.197881284077801,-0.091914692047689,0.7398938685177378,1.0839141311569225,-0.7245712525035616,0.4584367276252488,1.400520362992354,1.220067384406822,-0.340226028563763,0.9703605643794956,-0.909411902828696,0.6496981907681656,0.2623163748220247,0.5856262196729296,-0.8129570519807745,0.5448566450957205,2.240568825717629,0.8482704156112413,-0.6628306363640795,0.7374261896828295,-0.6490747632555828,0.2045812158292501,1.245939551563488,0.2508796505244034,0.2847077701431242,1.0180291389394789,0.2907858616322543,0.5218176994838423,0.3761109312830978,-0.2646727597945007,-1.3260247082311971,1.0181252830049412,-0.6355943000083053,0.1257564808723869,-1.0910023400925375,-0.1986726016582486,-0.7848934142850498,-1.1359883833720197,0.9629954826730988,1.1443813841077697,0.0270461889101915,-0.1342269089041896,-0.0412506358921801,0.0370533175219851,0.5100738681063166,0.1451564959801927,1.0671851801677,1.77628428669194,0.2842200433051464,2.2362526808603778,-1.3973531524641585,-0.146595143826195,0.7565764764214036,0.2147649366881246,-1.675789224523522,-0.4901563326400503,1.0535608297665595,-1.9470476550233689,1.4295336697444956,0.3156215296411431
99.0,180.0,0.0,-1.542294717406666,0.3092972840072162,-0.8372566747111292,-1.330726355976883,-0.3818392526807168,0.0257900799048536,0.5566863403659768,1.4251488450602658,0.4485459628282371,-0.0560362546948497,0.4003946794834309,0.1874909317690643,0.9922675852380716,1.1230245138890558,-1.2013147395253967,0.914235858628212,0.457212651750814,-0.5388445367023168,0.9591534221790236,0.2255234973931543,-1.9609672623770145,-1.466070596796159,-0.4530853867451039,-0.9347910775538296,0.0744088056764774,0.926539603157654,1.3818475719923011,1.224122380061608,-1.1645503346583208,0.8466550232347776,-1.6171281206816683,0.7575554274394003,1.802945249434432,-0.8190970104993452,1.232598902718807,-0.9413710457551614,0.1473964012793995,0.31931287903541,0.9599925860034252,-2.0064472242268483,0.0305528808786653,0.0146015067053001,0.4267361686676391,2.560944061821577,-0.6637668536945605,-1.64049775657428,1.6665829271491757,-1.6897601467455596,-0.2154436608685874,-1.8139803154486684,0.7155157648492688,-0.0064833083411515,1.8025458679448028,-0.4913441892649778,-0.9230852321448968,1.7379535813165743,0.31150351825859,-0.5350503469944202,-2.0659520171379078,-0.7236333227368071,0.1510049094198857,0.5250468716198117,2.8462215042276138,-0.1095514288363264,0.2332997891872733,0.388672436802653,0.2461853201363584,1.2834102159052607,-0.7864767013757763,0.4051277083319162,0.7408021796802311,-0.1717044243603845,-1.5044372748740165,-2.8581808970638027,-1.1124549755114814,2.460553271273098,-0.492829558490043,-0.3746714288952558,1.5784065512006464,-0.1861172020208914,-1.992708039993405,-1.5039669152654844,-1.6144500557988002,0.2324114756435416,-1.442102904607125,-1.0014453155764595,0.0244443525166769,0.1961013487544995,-1.4374430706281462,-0.253442258473973,2.264770375048126,0.3274240938510938,-0.8899248513163491,0.6063941964619614,1.5147273414304567,-0.1593050845644389,-1.3137523880577997,-0.0978687784571433,0.6095130870608678,0.0388755128928675
171.0,130.0,0.0,-1.4291911797887296,0.4735148056422162,0.4549065651059287,1.3152012282018202,-0.8378789136900336,0.2685166429324315,-0.6108904777060726,-0.1629351888584002,2.157420874881317,-0.6272359455875335,-0.1493278715133261,0.4971871333666131,0.5024594638313717,0.6248936390020331,0.4261736279775835,-0.0628112586568107,-1.0901617799884853,-1.7692569071919,-0.7970328703702451,-2.6193788878391207,1.276200090745729,1.3053354110638171,1.0487558501429637,-0.2392029349883015,1.671388618019371,-1.1047899541662118,0.7347686059094698,0.4462201896002594,-2.2959309915727326,-0.6098989582130177,1.3751364624851288,1.2615286222544595,-0.5161261933931324,1.0635945036843433,0.5796623819650717,0.0115997561426267,-0.5764300301247622,-0.9239593799665112,-1.4463751852067566,0.7359782284249448,-0.7971106740895809,-0.9927640166686548,-2.8717807302242377,-0.9348306320774584,0.2583296195339966,0.6784709990087168,0.6539257595748853,1.767237666320314,0.7975218919252789,0.3616190268230019,-1.0217802955660562,0.8438373991846593,0.5192043875812637,-0.1590536587378623,1.41546333095864,-0.0332122493005901,-0.2529695696230393,-0.2235058083199324,0.8639084462119242,-1.15342415641091,0.7695982111905103,-0.8358846142766282,1.3739489541463754,0.3154783558894953,-1.442073923044319,0.1445574466554225,-0.3077663329457576,0.2703405779278894,-1.6673818840315926,0.8558906517076625,1.1532465448093785,-0.3376739185626796,0.5794226399900323,-0.0094983837704804,-1.3515020680344885,-0.414942070987358,-1.7279199632328792,-0.0368255916284629,-0.1040160987385108,0.7971137229126136,-0.0866009491239132,0.7660220680591218,1.0821443718644197,-0.3752681520655194,0.798687734062283,-1.12794173654435,0.1739240884801473,-1.5870795550002157,-0.5833305929919904,-0.1740462668217656,-0.4479462929980891,-0.5989494828639405,1.0583046897829211,0.1007762351332267,-1.415995530131798,-0.0190743360562334,1.3013452409346766,-0.6041831864141486,-0.733171737988807,-1.1337741497877627
91.0,143.0,0.0,0.0028716048706314,-1.128821743578671,-0.6620314948751703,0.1192296463819241,0.9324285528518452,0.1804052273977087,2.472339772509684,-2.360487113679405,1.7606117457758337,1.147783560300505,0.6184561562546371,0.4142175786624937,0.5626132097751165,-1.0915692366053935,-1.7241773009640426,1.0037130544315338,0.8447371902874629,-0.26562115890016,0.2679157815193378,0.1032440417326399,-1.3988494381903642,-0.494101902877902,-0.8714947352126502,-1.3653255973864993,0.0952040746994439,-0.7154678062854387,0.0220821764672398,1.9750871255290463,-2.39888723873474,0.2237478518086838,-1.5681955752003134,-0.8640627458287824,-0.1532199321524162,0.5050586668308276,0.2349038914109827,-1.828967843729872,-1.757535181546021,0.8325485115456676,0.3801584168109075,-2.735167374452668,-0.8869030508513166,1.041953997206882,0.5972853162635154,0.3405769385783118,-1.2349443784495553,0.375820497726465,0.679094881948596,-0.6311150969584556,-0.5210363616963771,1.5755408641588449,-0.4958888005642022,-0.9214362194607074,-0.3668034847270204,-0.4082706102274697,-0.5560714091676776,0.3664650446086913,1.4557857935465637,0.7407811240984578,-0.3755644780632084,1.3895237866827523,0.0605250571102233,0.3956493449958002,0.0860465367417192,1.5169226770461874,0.3115362363350228,0.8514531577332081,0.8177648179051622,1.4669283408260403,1.5579709752922457,0.652685885882902,-1.530989919957692,1.126274746000398,-0.4201885078517689,-0.5328413772512238,-0.5089205273340788,-0.6050833148333736,-0.7200959463667992,0.1989008080957776,0.9251527472567318,0.7540729691086421,-0.1878552063296421,-1.105490462908391,-1.674535073978988,-1.321940959685482,2.1210896473427754,-0.3013481952898219,1.341462337289642,1.816783386874688,0.5341148722715011,1.557546490599071,0.7333784826886396,-0.8125847748519166,0.5957692639374226,-0.0738659277475044,0.4872983077380951,-0.285584772917198,0.894603725761665,-1.509470030483152,2.6414910841839294,0.0458851329669521
169.0,155.0,0.0,-1.400964160520362,-0.4483035896789737,0.4597676295448618,1.5104202891378888,-0.548734833897048,-0.6696614482130001,-0.2996219911101682,-1.1249276619622062,0.692664191429338,-1.1136143164443493,0.6177392840537455,-1.419833221915328,-0.9195137727851423,1.1952643630965978,-0.2604094763769721,0.7969105009419897,0.679663989199016,-1.4058434850141517,0.0950967095611981,-0.9306465259889156,0.7163469121718306,0.2122796694306017,-0.3083529301934961,-0.6269335209189152,-0.0170905736742945,-1.571361095705744,-1.169064750027358,-0.185111263172397,-1.0624350561721108,-0.4821290550889174,-0.6137532270324502,-0.4456934149050616,-0.4384645688262014,0.981882318416835,1.3527930518782825,-0.1137537398432337,1.362654446839727,0.9759509043944664,-0.5200114802131552,0.5757785205368495,-0.1976734576057437,-3.1136378924087613,-3.027538313454144,-0.9408916134368324,-0.6120042616197442,0.1248947267172259,1.6032121908134598,-0.2015933125695289,0.696810556452866,0.5145902976222498,0.4510858467954897,0.7196227748191383,1.5707206024310765,0.4355207368908264,1.3411314472486082,1.7317032796224252,0.2804304265214811,0.5757350119799586,0.7393451566818352,1.0046401789616997,0.2349309007157929,-0.0675214170467754,-0.9911427133922716,-0.6689765366437725,-0.5817128240084899,-0.3015819324852702,-0.5612510952823712,-0.0517145037137163,0.2290777067180049,0.1351582975130483,2.2294658497814264,-0.5311869999435446,-0.7250624588892945,0.1828657517034362,-0.4010398268170705,0.037355094232776,-2.7818846352545124,-2.2998041685852164,0.6748037404913618,1.2955482696320295,0.1928375795418036,0.7571503095744498,0.7914571651752036,1.6364651117294415,-0.0238548711769619,-0.4845333980240961,0.3390218178790939,-1.684152389775979,0.2294218179586129,-0.3514735350242743,-0.2320245062450791,1.7047211869681944,-0.4432749445183394,-0.3017131466951633,-0.089544096801134,-1.185385885729148,0.2389250480214424,-1.8220250774209563,0.7779621475256252,-0.911094729070028
169.0,92.0,0.0,-0.6649972967828344,0.5723888715875076,0.1054217052961537,-2.9062105800518103,0.5748412248220479,0.9742986372292816,0.6124441152743813,-1.5138574559785396,0.1973114964750765,-0.4920220922244432,0.8794405901720269,0.6598030777949075,-2.5517515477198858,0.4364811828655038,1.6790036917735291,0.5576433280306214,-0.9182316101366722,-2.8432563765139687,0.4473176586187838,0.2454298963898477,0.6598458823536247,-0.0242780484994017,0.323101365034143,0.3716853130240409,0.2656552580828209,-0.9800067785066556,1.3919872200450851,0.3888368120325499,1.2016263552532014,0.9070738375965404,-0.0153431966661488,2.3375714931737943,0.901052606128216,1.2957413543268743,-0.5969152854139437,-0.6970343063269728,-0.2702100785142617,1.0348347636998594,2.0707768332685266,-0.7525381243522471,1.4794742001162309,0.4881371645675085,-1.0169031983024444,-0.7655176812863995,-0.0620231652536626,0.3347357851719255,-1.8319607266289772,0.1774505351063242,1.2368989542230906,1.5599226127218588,1.095137868957847,0.6723695598594004,0.5501618330987115,-2.0657574672356613,0.7570770464098782,0.5867969723829265,0.2006862728482172,-0.4343247413948493,-0.6230775779384484,-1.1045857530210883,-2.2933327236750047,0.3958110579665956,-0.4198087250981486,0.3269602039355128,-1.3161291872353809,0.2663037718060068,0.9771334992108716,-0.1415874466378629,-0.2123217514690094,1.7643598863952734,-0.2060768075315979,-0.3490791246854372,1.1152059694875296,-0.2256676849916919,-2.6928672552370725,-0.0042654503719683,0.8063138797540498,-2.087552807521513,0.8835501809293255,-0.0774974055050796,0.6752824236054842,0.6558105920500037,-1.2030139526560133,-1.288375630405287,0.061549308576668,1.5053698743169712,0.8139422981720887,-0.5440975295161974,-0.2322618660296458,0.2152724965265347,-0.270887289118882,0.7203586129636121,-1.5551952840725438,0.7025147576571451,-1.4674292443258796,0.6472701967626391,-0.0690105283764959,-2.2115989664926494,-1.12300434800075,0.2565579990433912
51.0,125.0,0.0,1.3706243238971667,-0.2296845846752482,0.2637919406110098,-0.6217169108801017,0.2552521484983062,-2.467913782287646,1.4850584270112055,-0.882857681001107,0.8111266470896719,-0.0593726209562258,0.3594153890252548,0.0569554243881738,1.4855842358337066,0.2205091154817233,-0.0256488951076983,0.4583276382320148,-0.6129622389794003,-0.2046572783009601,-0.355307561698236,-0.92594397920576,-2.801697059817404,-0.6451752416384683,0.636618474488935,1.2748493924831916,0.9366064386390592,1.6926623444045537,-0.0077056410103589,-1.749723389114278,0.0478208273626506,0.7806290535369689,1.0985050735975976,0.2448265616717603,0.4627155913187227,-1.6009961634778658,1.9513937008948967,-0.2719785335851168,-1.2197013935576806,-1.17622774834773,0.259693788518091,1.7442127864119803,0.5837659717364285,0.0623048638381696,-0.4159913766028401,-0.6560691208153313,0.4813646798517895,0.1382104017945956,-1.0053036207264767,0.4864334049641576,-0.2870579835754843,0.5602399001599995,1.1047927574162624,-0.1253178254627019,0.4545941537513397,1.1863464147250486,0.7133000798918774,0.917396981513628,-0.3834933796221102,-1.0524479587070603,-0.3594752036884993,-0.4671648127218473,0.1342654406405566,1.1613181699398871,1.6608931201486556,1.0721725418526102,-1.8350176174471444,-0.1867995267894839,0.1790850320688654,-1.7912994649426333,-0.8130694367161451,-0.7262343176751772,-2.4260670828132813,-0.3893886160825638,0.1326149466315398,1.3134426408118978,0.9985273518862195,0.8529962001016121,-0.822931277932799,-0.5354516972986325,-0.0364524862108958,0.3855201474259405,-1.1382484119362863,-0.1134798544608037,-0.6496364710490103,-0.1310671259296487,-1.5036274528787277,1.6384179217986432,1.5110467788861313,0.7893501100867624,-0.0677061054198214,-0.8837359444519686,0.0427474810360621,-0.7465608134033649,-0.3184879436394044,0.2905503430568224,-1.3615922812390706,1.054121250007305,-0.905644786914402,-0.42755926000644,1.675039098015805,-0.5134680716171396
113.0,149.0,0.0,-0.5002750445149058,-0.111466794092495,-0.855883799187866,0.2068931302615338,1.3849165413364966,-0.7774783024458684,0.7046058338476021,-1.263591443833984,1.8382081472420315,0.5279576080780937,-0.0265126500862553,1.23392943827479,-0.5747735284877763,-1.085400768153089,-0.9694105336594088,-0.1088276665249358,0.241790545985652,-0.4148542595744143,-0.0654967171103656,-0.4947661581811114,0.3373674467868486,0.5963037578956008,-1.7913660921127863,-0.4542935673889623,-1.0265673725637776,-0.0142065028651648,0.0373660794191721,1.8088523172656648,0.8040339339033735,-1.5031499671636095,-0.4211660427457361,0.3873222967521001,-1.209200588585328,0.3711647778484429,-0.4341082939384296,-0.2498676862347642,-1.30137026228677,-0.1833415600685797,-0.5692464005633724,-0.9617763721864232,-0.6810793612507076,1.2395135239180874,-0.6496525499558449,-0.819959700853369,-0.8122528825094939,0.9112350036661926,-0.8857064962731043,1.378878303815424,-0.0847733056418316,0.9476045349331864,-0.0732784315153036,1.015361203104958,-0.7932359968201131,0.1007520790460788,-0.3425609230236988,-2.05789151664951,1.4313563855833096,1.1584347036750289,0.1724179402812494,0.5760101218434939,0.2954622281694344,0.9492593063374768,2.181885701920886,0.6379708794689994,0.1389189772682854,-0.214049797719995,-0.0856162924705908,0.7489583985062791,0.4818263478409509,1.0820746280832607,-0.945650389328875,0.5128727102799804,-0.4929211600090053,-0.10111988422903,0.0899870661527434,0.602748730240466,-0.0026950079368878,1.0072257306920709,0.5946173567365021,0.3534539086517321,-0.4587080322812786,0.3531824015672015,-0.9092201184935054,-0.1424059111427141,0.2954922353841751,0.7482989827317167,0.0199398431216338,1.6217170679707718,-0.1808435722103224,1.634102775539807,-0.2065652865357231,-1.3829110814007108,0.4613405074686084,-0.2054854328503829,-1.0855523683664554,1.1236163056719557,0.4926314905714912,-1.870605516595792,1.4327367402313649,1.5932432765251483
113.0,22.0,0.0,0.4653479660313184,-0.4718628022574433,-0.9092211385644462,-0.2252550074972255,0.2539089163922124,-0.2235822519352395,0.5627749045615056,-0.7661174021323032,-0.0078868680400395,-1.154575650217762,0.3745567290821218,0.7695119479559885,0.0831961969853316,-0.834067745676681,1.392468382997967,-3.24592129951776,0.4363482906905674,0.0359335176882119,0.2228589750228634,1.9104252381543076,0.1946715354556449,1.603035491295178,0.4032195733732067,0.0903832024784144,-1.213034897629305,-0.4979774219532129,-0.0044111918110938,-1.1322751092272718,0.8814003552526903,-0.4056754098483472,0.3064677571601794,-0.649991816398926,0.2956787848601607,0.721546651997625,0.8355252268196524,-0.446797769032869,-0.697687430289132,-0.0049874013675328,-0.2045922103986668,-1.7378585348982152,1.0839698156245845,0.6151124712565272,0.4569631992738818,-1.0417867276174313,0.1434513951592771,-2.160501705694275,0.0245081473959645,-0.1914370253686818,0.5077775149584846,-1.2833783128603466,-2.036329898260831,-1.2152114340390536,0.6774408950309967,-0.5382186875616156,-0.0100762195629238,0.0752262395741919,0.4916606076540527,1.0154464794257518,-2.2202585023028374,-1.1181561522843857,1.343326007281385,-0.4638617351139874,1.6291174505288502,1.7716637697541937,-0.8094475373986423,-0.5124138672322313,0.7096174034066939,0.6001129658236997,0.9522232414068637,-0.3802770110747497,-0.4492501319480353,0.7765045224685092,0.2836824750652696,-0.5472290941439548,1.206475215649549,-0.3133998791509235,1.2456626619074032,0.724024513390817,-1.2916406822185724,-0.4872707842097159,0.7552099612912345,-0.1979212670060406,-0.9334896723144228,0.2597218218896923,-0.2464717498706196,-0.6654093048573413,-0.8003627643324485,0.9729526060352668,-0.3059708773593266,2.443374703396783,-0.2104797611360522,0.3101817407831016,-1.0257930935413246,-1.0071180753639224,-3.092222828600893,-1.6615014796762286,0.6820490171130157,2.3978977051040204,0.0502684648453952,-0.3293818053979884
94.0,61.0,0.0,-0.3997716003933202,1.8075637799388544,-1.563077632570414,-1.2680010225038585,-0.3460098915758726,-0.1040589243583001,0.1822660097658507,-0.1613880276313999,0.5504353485617232,0.3199388948321483,0.585359159220743,-0.7735811530196177,-0.466529044296524,1.65591988942015,0.0625408105070769,0.4989293022126533,0.5039070982733285,-0.0967367544583074,-0.4870882357601895,0.189370060448183,-1.0819643052814798,-0.5686144149043607,-0.5261621148831801,1.14913586619125,0.313522859881222,1.7603529797387645,-1.6695734568545806,0.7389586370110801,0.5148164755485081,-0.0108396466254781,0.1161657308648519,-0.0352991036717957,1.0147099042290104,2.4940191668751592,0.1155442393115333,-0.4566444104922506,-0.2927096166971252,2.0875404177021,0.1659313326708851,-0.713837078830861,-0.2757741241544169,-1.332086960548724,0.5578979130042524,0.228028321240802,1.8718718384013655,1.1014589817335194,-2.4972261556680637,0.699625564809756,0.6314670043760944,-0.4296382286175007,0.5950578195471599,-0.0354679604010675,2.3854690415896744,-0.671483985066718,-0.2222172351136584,-0.131654663486367,0.1831659415068575,0.9693380556693464,0.7129662575472365,0.6750489040243304,-1.4069441337833268,-0.8377928868598467,1.111713372696776,-0.6252512722568253,0.2958714399052368,-0.0786629583400465,-0.4260219335944449,0.5108164598436356,-1.6308128444343295,0.3004925659590456,-0.6079397235497085,1.4666736825758602,-0.4205648514259226,0.4817841011199805,1.4812871902275415,-0.1205248863395243,-1.0961512079800348,-0.6488329870090233,-0.6070183033901914,0.8625853859865913,0.0755470708465037,1.1198622677841603,-0.861059218878304,2.09595180685631,-0.2869841486382457,0.7856101376541921,0.242250553212716,0.6151847169242661,-0.5859256909139194,0.7234453895905878,1.1027379540860134,-0.4423115501988771,0.4244052119733073,1.400058871161793,-0.493900682669016,-0.4390791452731866,-0.1671033825780789,0.7886992376885678,-0.6119077939137603,0.9103231773479482
190.0,77.0,0.0,0.2869069487053692,1.2248973808975765,-1.0421399050097508,-0.4216071242627063,1.446705690720984,1.483376502675446,0.0833292390988775,0.5632933758515092,-0.4114516568003264,-0.7920861052096217,1.017795247601578,0.247960458897318,0.7276121633134306,-0.1106748518194519,1.853536143420787,-0.9210257829303116,-1.341218734080453,-1.8650765087239856,1.6359017355515046,-0.8072472719642538,-1.872407578877141,-0.6347492190987825,-0.5606967738318863,0.127340974598184,-1.8984292937602647,-0.2408355104723344,1.3243282086299517,0.857077794629487,1.8950167541363645,1.749973368159862,-1.130077710891696,0.8757158274318878,0.8483343677430386,0.2745462816965207,-2.0702109271795512,-0.5670869668583239,-0.2188426845385699,1.0920737407467178,0.662350687892945,-0.0130308662970196,0.9117888413982131,0.2181625858116424,-1.1442012017646457,-0.7331688552951723,-0.8467054160018112,0.6149649258677634,-0.7017784617321666,-0.6097548804454184,-0.512485151173504,-0.9927398396011776,0.3291253349552581,-1.967450225318592,0.0533026873713919,-0.6501076302733111,1.770647289134322,0.2103785574699032,0.8599464902382268,0.0277387194126713,1.5224483492974517,-0.0687428732028834,-1.1494493968966109,-0.2351558620004997,-1.1266004657015014,-0.0353039355415902,-1.741046994474094,-0.672752614276323,2.099566300138563,0.2407442901803675,-0.0076305486263834,-0.1361544533506576,0.7728204494676559,0.303218316350379,-0.6514676071397941,0.7596402970740389,-2.1316510980007037,-0.7091125414922973,0.7236831922132896,-0.3634682056052866,1.9268335397448373,0.436257273831994,-0.0444113423120988,0.9791591968727889,-1.0562741765921229,0.907842244880621,-0.8031708454256299,-0.5043850951996681,-0.1249990082106671,-1.7069803840886195,-0.7080751360962926,-1.2062923989190333,0.7219859366907364,-0.8395362984531218,-0.4574507227881351,-0.2540716728943659,-1.0794813304641275,1.2158524163061997,-0.2885626444197112,0.5626160910699656,0.2663201790001201,0.3925408772622391
82.0,194.0,0.0,-0.4794369505146757,-0.6094986707588053,0.1175620396930891,0.0388079269040844,-1.0976150362952029,0.7647652732469584,0.2120171872768638,0.2412923635174182,0.8930953517742874,-0.1888202939078411,1.2823763190594295,0.1700423730471008,0.0574025597844189,1.700479420701837,-0.1146871845552091,0.4631608972801596,0.3049907316610845,-1.200336998828586,0.7905551382487765,0.6023665491575503,-0.1847527742014814,0.0518441888308867,0.8227578922034413,0.744334687330986,-0.7110981073446349,-0.4889635961533436,0.3432365365019294,1.1679423684507342,-1.1642877226219452,0.4662970357256524,0.4542798365502918,1.1070085846823832,-0.3107682521255538,-1.2870868995239464,-0.3659424952012708,1.1372420693063623,0.4821123939922441,-1.2143737680093818,0.5747311086217968,-2.238986006673388,1.975924897680935,1.3601084633230631,1.304278106402195,1.986138448149776,0.9061548602802094,-1.0878484839427234,0.7679835143531104,-0.1481668724010632,-1.3321014965994258,0.3110352073733278,0.4700406533516965,-0.3188744413579222,0.8193778026761023,-0.3576404434424136,-1.550381994626135,-2.4241198871153187,-0.0237683457393012,-0.0781860472005677,-1.396656233594336,-0.2692831574015364,-1.3676349191932022,0.4244734249020314,0.6537702649055684,-1.2529598668989976,-0.0710869099469855,1.132114599531427,-0.069396287053509,0.3075705255394109,-0.9200181165245532,0.5394450898368255,0.5279315656102592,1.0090827559710347,0.6555214614022271,-2.625030822343134,-0.7020418607413861,1.2971300947473006,1.1204794192198606,-0.9202559169796444,1.4523614792978197,-0.2725182752410348,-1.5614155903317437,-0.3199248454524446,0.2806291013501605,-0.6347149693328367,0.0465476121089946,-1.146467434302724,-0.4989853290594035,-0.521596442189588,-1.2733639452388994,-0.0423118775172888,0.7857209698283187,-0.8490382208699668,0.2158430118012145,1.6711967076797198,-1.0296811742985716,-1.741723452699991,-0.8643524252949876,0.8023892006930549,1.3387016059583088,1.319769694929064
158.0,53.0,0.0,0.1879744683620983,0.2043742317034012,0.8061785784717364,0.8266335499025846,0.4588557687707951,1.376944765173869,-0.6992633419170436,0.53104034017304,-1.000368941265565,-0.3499473930616823,1.4568960973058067,0.974962553497292,0.4080586011305567,-1.7401136826115988,0.7939492676629374,-0.5656993623555635,2.0228077446448616,1.9063807608956431,1.825299252837136,0.8417964371341842,1.019954540697304,1.596880869234058,-0.6764221084156617,-0.5625469834828613,1.1996331933717763,-0.1849354493185547,-0.6966691425513161,0.1868539538079028,0.8421022192075706,0.0008729926908293,-1.395916125759472,-1.4446987918091971,0.2288330545221967,1.8275560494034864,0.94771306980632,0.4878252549077673,0.456283314314425,1.0162159996272928,-0.3686608732852104,-1.3190499348700684,-0.4820405215709099,-0.4532956653135794,-0.2903790342865157,-0.6656875672376474,-0.5083455802000381,0.1295303095025037,1.5124874327644524,1.226993502520902,0.6519457457679986,-1.0382271071116416,0.6650737265167032,1.4921629428831689,0.4397219669534552,-0.316781360449881,-1.1746437908962668,-0.282529834143581,2.040781841461621,0.7979558857184398,-1.2245953552942377,-0.0522589886813868,-0.5290109515012251,2.032684059284432,-1.140834387183641,-0.3665982700408122,-0.56822586532043,0.0234635324490989,-0.0891096392924005,0.307583445983205,0.3887096936298559,0.8755151266127981,-1.5565181050941246,-0.9694264690914112,-0.419390499431909,1.9744869911846448,-0.7657124548342112,0.5021905765053426,-0.3938262840641476,0.853449941783096,-0.5524602489170441,1.9588019744814351,0.167144566135431,-0.998687653269524,-1.527691551382422,2.388252667166993,1.834802316261214,0.7711094450248698,-1.1087025226207692,-0.5484823817171738,-0.9549190314513952,-0.895053778426236,-1.0759673091062174,-0.5752370597135144,-0.5696646621808978,0.4157220608764158,0.8465352859180055,1.8564545963107093,-0.9857065665179924,0.4534811515905592,0.3211029761096585,0.4812847971785466
134.0,83.0,0.0,0.6684252852437627,-0.1726332033176907,-0.4151770518986561,-0.1063165103166128,-0.701724555563057,1.7041188055792642,-0.8919354860945752,0.177252240773591,-0.7794583179649909,-0.7957998412941737,-0.2975906731034447,-0.432171425450961,0.3490303880994357,0.465665096591207,0.8339614478544994,-1.0594673740934717,0.1838340328199347,0.1338329606744925,0.8949819900220706,-0.7499716095431322,-1.5335019074134355,0.2056143038931943,-1.566670296353,-1.156115712615689,-2.091609296969464,-2.440941444269242,0.7990778510351488,-0.0327959781083636,0.0566616065695857,-1.7760208105460975,0.2306663184134998,-0.2333418912121829,-0.2140902529127716,-1.086492932611951,0.8621682467909834,-0.6854893143235183,-0.0905667282058968,0.7809520843636251,-0.7063539850917155,0.1519684326088167,-0.2193162847214209,-0.6238336516255474,-2.281804607476198,-0.6782002305704136,-0.2350336961519624,0.4489996526193973,-0.2995707668357984,-0.9558821671119424,0.4371025233863662,1.5332233919959044,-1.5209231680590276,1.4348400548212976,-0.5939031114385035,0.5050209175257679,0.8669933400020161,-0.5743079449617479,1.6166048257546517,2.463973295531628,-1.9895164191145371,0.4191918539167781,-0.1933522711234265,-0.9800707922320157,0.650286751692388,1.5683165354296744,-0.0941318289184182,0.0299308382054857,-1.4963341070021705,1.2695496844159466,0.7472891946297818,0.2036352877540332,1.287873830903422,-0.947363762004124,1.0183058566868834,0.2747764330121467,1.1178542679361896,0.5506807007035581,0.2330697137000135,-1.864886187971267,0.2220074948421911,0.0450866910942998,1.3383547497965564,-0.0506846946371683,0.3870382995213598,-0.1993041751396105,-2.11571232933798,2.020072236718485,-1.7689065983392187,-0.3099100681511878,0.9269986463777318,0.2338222990390924,-2.772706479852572,0.7016368722539567,0.6911043529755128,-0.2524356794646233,0.9431365542778848,0.3305152751601722,0.3104168970531081,0.7928862610080422,0.7389345505315749,-0.1105893301487241
29.0,140.0,0.0,-2.265611512644036,0.1059858713267486,0.9837726218938756,0.0020176629339605,0.3342871057443143,-0.5736139435660007,1.0963831725257729,0.2014383510409188,0.4855472132559302,0.6286764681158415,0.89509526017565,1.0184419799322353,-1.5812369280549412,-0.1331883335318947,-0.6236916104153524,0.1133248380045347,-1.8753664721295025,-1.5287537503933368,0.0291956773480208,0.1648390876916611,-1.291774676204797,-1.7528176623925265,1.153283656769548,-0.2914676334768001,-0.3801370305714547,-2.01525427866175,0.0609129872470705,-0.2309805616668824,0.5517436523612596,-0.3320807285152813,2.092067241720057,-0.7936395634233548,0.629551263892379,0.2472495308743542,-0.7199336156464088,-0.6897776778111444,-1.969615207527145,0.6350583352980765,0.1317412156400254,0.5132783142796895,0.5716064107546676,0.1502586831647665,0.0609847415353984,-0.66006806186464,-0.1589000855680992,-1.5025508060664314,-2.390464822690359,1.2331449252937676,-0.9328329129019124,-1.2172018264917632,0.832698151863221,-1.8863234676683969,-0.1689452707949248,-1.1885429659281246,0.501010783515601,1.3453318485460792,-0.2883811493405014,0.3057256043672526,-1.0135997828472534,0.488942854878627,1.3123546881385917,0.6120347539043234,1.8451116717787304,1.059923642260627,-0.8713495068768984,0.4049079593247954,-1.0693078766426607,-0.7070950724765794,-1.433084841045534,-1.034598527212156,-2.675610586179496,-1.1869184306023308,0.0587736371916909,0.5404673239784719,1.8369479014104544,0.6739184039843886,0.0192226862680756,-0.2130718463153891,0.4132393624066746,-1.328639200797913,-2.020975710515844,-0.5840511426093219,0.5722646372277652,1.0002281687698518,-0.7671388199042057,0.7380503659792027,2.263889530814149,1.2439904184248785,0.2294054259812812,0.0118905246774337,-1.056044914870786,-0.947115514117014,-0.6271638324182659,0.1568968429054565,-0.5276337560401486,1.7952145124302166,0.4413515602540279,-0.5781575122167478,0.9810267081009342,-1.0216407264786511
108.0,159.0,0.0,-0.3112360608602159,-1.5954852179875407,-0.9124414843871304,1.0953622444818214,2.132683701631259,-0.6084867786074066,0.6960284869159161,-1.8006397124942055,1.292063694837153,-0.4484097995149771,-0.5195683216876643,1.0459385486797628,-0.253440185493207,-0.7583442575108418,-1.980614219418176,1.199011916141181,1.068375452274001,0.0457929341076739,1.3783071420164883,-0.9540748559084066,-1.9753201642118796,-1.5208404694834696,-2.2964389709243727,-0.6322769828007081,-0.3902076142950157,-0.4178695577603648,-0.3040825220077696,2.0198585465924896,-0.800646286466661,-1.6952414756455303,-1.4211356688612349,-0.1017791501619967,0.1951712191928833,0.9563527529497624,0.1490027307927968,0.1485435905773327,-0.0629175684477219,-0.7908705394123476,0.8725672257978199,-1.1604212110612473,-0.1695438271683526,0.1450875451023935,-0.5975940045886428,0.6900579548533793,-0.7259859503139611,0.2821448210762716,0.5784204539094483,-0.0249189357664848,0.5003321994828862,-0.4554547362213872,1.096000676203804,0.9170036813310194,0.9498391249384388,0.4078339655455386,-0.8052376488047694,-0.322130188128219,2.311643849918823,-0.3172111144678748,0.0219206318547847,-0.3503545399477199,0.3276241355503836,0.136447685881158,2.418355365674921,-0.3819376930436196,0.4303157726012341,-0.2373451000255049,0.4241134502954333,0.3533748995687659,0.8799510820305064,0.3132747881580209,-0.7267902624495743,-0.7600374596485413,-0.2991865858281283,-1.5856022619975068,-0.7238761225745547,0.3220846882833841,0.5457606740857083,1.4530080882931131,0.9187117036356622,-0.2335024284875221,-0.6060088901799869,0.486397137439589,-0.968392927133588,-0.2436032100936062,-0.2295461899354114,-0.3938427977038231,0.3393044160808689,1.7530582582845142,-0.3711153235404952,0.8427504035467319,0.1140748103114218,-0.961581334667562,-0.3807694637157408,-0.6612483688569283,1.2012176140563922,0.9176967481963938,0.1634027284699608,-2.615270887470905,2.440339770127672,-0.0412117524373908
160.0,64.0,0.0,-0.5201741484949983,-0.5417793500423476,0.3360808270776809,-0.4581709399938277,-0.4449163907413064,1.3002840296089324,0.6827502372171832,-0.3130438842512837,-1.6611277436057597,0.4051663743345576,0.7635826284189804,0.5573592922980938,0.8449746341030472,-1.8239004400716643,0.4555950181755205,-1.8933624541015088,0.1457046981096141,2.005182909315787,1.7080014334167284,1.634692143164508,-0.8135279649801495,0.91183693220755,0.5580572369228892,-0.0026085079916763,1.7530258740368172,0.1111527794676122,1.3119131172474137,0.4605172405156458,-0.597570747586077,-0.0242191080613271,-0.5162508081589305,-0.5299895388797886,-0.6267802429256355,0.0033578399295585,-0.326016248213879,-0.2525221768076577,-1.2666144190706154,0.7063819287333027,-0.2740422609237631,-1.3457959961359671,0.3869345274191063,-0.8394918475775466,-0.4478219094695296,0.0016723505610551,-0.6895086038531204,-0.7381442586593496,1.1493695997899689,0.3330203980613487,0.076075781578311,0.6529652820683658,1.8256411313016607,1.82572963543458,0.3285032090394472,-0.319746655406409,-0.3861288905538925,0.2493423619604282,2.1387036386733578,1.1969539654717023,-0.1092204791435408,0.0654941447353953,-0.7568018852250211,1.5808423317330615,0.2607353694571276,-1.3545246689002377,-0.041752385506372,-0.2387479663702416,0.0116938950816199,0.2573331778809815,1.3969013821100464,1.181753142948025,0.2996322906330709,-0.905775393779466,-1.6239707700260082,2.1421742451423964,-0.0032806329057747,0.1453456173617172,0.1621591521660549,-0.1785561686322164,0.5170060033726219,1.9118564133222928,-0.7733961777819072,0.7485012197527794,-1.727797838651128,3.030921289857631,0.4456562353503213,0.2488849841586948,-0.8410568759305754,0.2812938492595556,-0.9000587629124417,-0.2977560390906205,-0.0993937867565062,-0.0800297288986392,-0.5553350255252274,-0.5123070889086274,-0.2981885882443693,0.1583761709074607,-0.671959498009403,-1.7935371008106924,0.9544919961600778,-0.0068550181641224
