x,y,z,sim1,sim2,sim3,sim4,sim5,sim6,sim7,sim8,sim9,sim10,sim11,sim12,sim13,sim14,sim15,sim16,sim17,sim18,sim19,sim20,sim21,sim22,sim23,sim24,sim25,sim26,sim27,sim28,sim29,sim30,sim31,sim32,sim33,sim34,sim35,sim36,sim37,sim38,sim39,sim40,sim41,sim42,sim43,sim44,sim45,sim46,sim47,sim48,sim49,sim50,sim51,sim52,sim53,sim54,sim55,sim56,sim57,sim58,sim59,sim60,sim61,sim62,sim63,sim64,sim65,sim66,sim67,sim68,sim69,sim70,sim71,sim72,sim73,sim74,sim75,sim76,sim77,sim78,sim79,sim80,sim81,sim82,sim83,sim84,sim85,sim86,sim87,sim88,sim89,sim90,sim91,sim92,sim93,sim94,sim95,sim96,sim97,sim98,sim99,sim100
36.0,64.0,0.0,-0.0772104461816034,-1.1320847470276478,-0.5375086393369596,0.5515590472646186,-0.4854697414583542,2.301113785379851,-0.1279711775637636,-0.7322676832008063,-0.8999648476985679,2.9542912964733947,-1.3103827014041067,-0.4107266637403567,0.139908311526168,-0.1835831795037844,-0.872174052827231,0.5067790898710782,-0.6284170091119635,0.891978952076361,1.89524386475578,1.4465511474679031,-0.1271235580163812,-0.2673901208889712,0.5503457936669581,0.7894081998306042,-0.898179194289686,-1.3180923841662882,-2.172788843812232,0.0388123767897224,0.067619103537269,0.476619320741334,1.2195590988976208,1.9435183418894129,-0.74745841508862,0.1299730164598975,0.7445501967295571,0.0127309501553447,0.6698115561211564,-0.2277058277049697,-0.6682088056046069,-0.9167259987225704,0.3674614676409853,0.3803117104427091,1.4054889702248423,-0.5602771588655227,0.3261381500431541,0.0956706949758894,-2.3383731568404498,1.7388749593852986,0.2477802806152682,-0.448869131472474,-0.4164206369838298,-0.5557439021354561,0.7387417200467272,0.8381145917006452,0.8193777935851898,-0.4332460944831565,-0.1185823597552016,-0.4094683128547564,-0.7333867443465667,0.0556909060439131,1.2607865700149257,1.6181872887352295,0.9487959806419082,0.5832197924355123,0.3657744868853486,-0.8517362154089158,-0.0364111096686821,0.1839037018921845,1.7742428539163324,-0.3579172412706056,1.670731453279989,-1.2172286472586575,0.0459318083659756,1.679603438269356,0.0881730534194445,-0.0706278804833103,0.304183171025483,-1.3154587807701166,-1.4557038869286805,0.5430886405780319,-1.7975301573433606,1.2950423072904471,0.1556278989269062,-0.7912216765294704,-0.1543185126026402,-0.1198037073129263,-0.7759948746785543,1.3815616654314806,0.1389967236910833,0.7230360339112436,1.017866412137392,-0.5405072702160175,-1.6248096644554295,0.4380573546034195,-1.1130933876232207,0.468487276043009,0.6134748140107726,0.3521436562524614,0.6415014346997864,0.5844638112488909
113.0,54.0,0.0,-1.8102506181489453,0.3003185194251962,-0.1681991409198875,-0.0039168141071521,-0.0762310086692472,1.1009937434133603,-2.153296831050363,0.1082601982824197,0.344944338834421,-0.4045443747871328,0.7362974300520415,-0.8477695566927046,-0.4525006304434404,-0.602519806846131,-0.9218624285810152,-0.798251547731381,0.6324703129956206,0.4002992672131277,-0.8451051850720556,-0.6899078873492697,0.1517464728423618,0.765519222876786,-0.8439058452125455,-0.0027484394933951,-1.833445938673945,1.085578367739706,1.9938613799842315,0.4766931503130342,-1.1428240836098045,-0.6623964257045082,-2.2268793245175447,-0.6035395787543354,0.6317738156950617,1.8907261924497032,0.4115356614751791,0.2126812638844395,1.9133962053709737,0.5868656660971517,-1.6017250946034802,0.5250218778654161,-1.3625661482979432,-1.793175445469005,-0.111328425273587,0.5490355407563149,0.8812061163401156,0.5695113254076707,-0.8949777516674775,0.7544865609848811,1.5250802149528928,-0.1613528341445612,-0.3100280790672576,2.2152220533812934,0.6151210223178202,1.092721526050357,1.8818021050974885,-0.1734832314317327,-0.8415783560526239,0.0301575667798092,1.986901649723446,-0.1019976658557619,-1.2043998802631393,-0.3885477211522012,-0.7698851152276488,-0.2455804523201483,-0.0503052701832176,1.205438203861115,-1.2148829771575946,0.409862522233357,0.5859210072542909,-0.2728688035228955,1.1049153058974184,0.5062542357609205,-0.9348318605577858,-0.4816458075484661,0.4170045345133573,-0.8550911881593987,-1.4708831151591564,-0.9560234644407676,0.0337308643704298,0.6724902448413456,-1.6361637792064856,-0.922282775221346,-0.7753111076781827,-0.5029665784827158,-0.2765352426589268,-1.2749578652206983,-0.6276813327107175,0.2208394364802194,1.133752854511381,1.9344731558406392,0.4984794334287786,0.5056318465530747,1.8634402536897392,1.0382570940239546,-1.6659910786058438,0.1679432263907882,0.326243327313896,0.5318321954268064,-1.845774326869738,-1.5571224530422854
14.0,21.0,0.0,0.3095789371428697,-0.2865802082888694,-1.628028601696738,1.0569075794608078,0.6909950225430258,0.6556137936525162,-0.0607393620781488,-0.5792632920774239,-1.6693797423863208,0.518395069876457,-1.3305675113154505,0.022695295217915,0.0188816439015511,-0.0284927821677462,-0.6834938429681576,0.6212328827927249,0.8282221690044798,-1.0289668375710752,0.6067669252589715,1.4986036078168723,0.8975954134128035,1.100833461172785,-0.0604324956455523,0.1300741325513382,0.6480980049958056,0.963098717426902,-0.5637488069354307,-0.4167604023605226,1.500387782604374,0.4777118665424865,-2.177328172160824,1.5396697714530998,-2.3377797093964072,0.5561196233797269,0.8031356010475195,1.3290847495783655,-0.3208994103375256,-0.060718167718758,0.673321221671872,-0.6225580945697093,0.4120222790114191,0.4529898445040139,1.0213575874129854,0.39550001772806,0.1955242035312139,1.107195247422082,0.6024278553009137,-0.3659932047699352,0.3861717862922698,-0.9311852600777086,0.1003752430578984,-0.3698360168476911,-1.2433808705083438,-0.5719263267629285,-0.1116650584845178,-0.195560804425381,1.1961577641299854,0.5291296897855966,-1.3036195264943695,0.3596883367190859,0.4375901830450399,-0.2928581794100146,0.6371033373886749,-0.4797697491861616,0.2979473751840286,0.6504203690282468,1.2237532494230523,-0.2252695637736623,-1.0222713304351323,-1.0330013983545516,0.3132195785717122,0.3769627762357041,-0.7899983846873412,0.3421870344119069,-0.7194953949648486,-0.277439446788503,2.0167314728812387,-0.6407656817718209,-0.5562754920988588,0.3648708690762817,-1.2008366447673695,0.4491777019676335,1.2722217749608138,1.0161973857302729,-0.4201820892367592,1.6328963476910276,2.367318493552929,1.5739369008416462,1.2963179168450356,-0.863900864011418,0.928352137255109,0.2941983552601305,-0.8002282326183001,1.5256073034694184,0.907625903774078,0.3034712616374945,-2.4843318666380445,0.0909780763092983,1.0180563534871758,-0.7762210514692566
198.0,40.0,0.0,1.340594605573959,-1.051445061076745,-0.3099022016733912,-0.1306681835115306,1.0418254296435852,1.6050118858872653,0.6799220145403944,0.6224967812842168,0.4969680942418494,0.279065428333269,0.1121924140489157,-1.23161477528133,1.5395223645741185,1.155792537027151,-0.3178936172164535,0.0481468685253609,1.2084255680950204,-0.7069341802325761,-1.4690818655035986,0.3078185932895265,0.6103928517876248,-0.6337830863582431,0.5029195403339729,-1.3097833314818077,0.2334570087679617,0.1191959461926064,1.6805017960450994,-1.331837716600838,-1.444455368957079,1.314338666692174,-1.028533694420355,-0.4696185417082071,0.8403076509112255,1.5812442364833412,-0.1013241892791846,-0.1749133453511815,-1.0165527626764037,-0.6649042443746813,-0.2529522206480823,-0.5633931329944557,-0.884392169434508,-0.9699390261302844,-0.4740760851555686,0.205309727362312,-0.2260265849416342,1.1549755762706395,2.0021482412733422,-0.4169147164347885,-0.7791559802883277,-1.101222002246859,0.1888149612558891,0.4173338542214298,0.3429725150587049,-0.0212566367050528,-0.2154013024699534,-1.0769782388095737,0.5307216010429386,-1.1102056572625143,-1.4635648118526898,-0.8277650139332152,-0.4333596918981791,1.6360942602654178,0.7752993343821688,-0.8378712079694364,0.0274036460670988,1.2630033168570296,-1.5601711857801468,0.9718608299510892,0.3148454842707783,-1.1727723574977862,-1.0758541073653958,-0.806678859032018,1.5887107807249554,0.3612597010387519,0.370772262332954,-0.2638063458328569,-1.2061077242083074,-1.2771401687640973,-1.0464301589427545,-0.9464138651113038,-0.6757864669301101,-1.298788303453564,-0.1903270469417549,-0.7113049002745733,1.249081896542093,0.4487867076478442,-1.2913725403646428,0.9621296025723836,-0.8947519373189902,0.9734459444521472,-0.1249526511390834,-1.8300283886328732,-0.012371739642599,1.6836396723975633,0.4055655460884795,-1.4376318455763002,0.2838285571572158,1.0449629055892644,0.0591468003428568,0.4577406317164534
3.0,157.0,0.0,-0.2075325930173504,1.172461426568243,0.2055785558698549,-0.722705807251975,-0.5220328681523202,0.9569597726463304,-0.6460875452696166,1.0794078847636297,-0.1112895956734292,1.8427625791752265,-0.8508898408372413,1.458898585765683,0.6231045132209888,-0.4937875377816081,-0.016261453591048,-1.0241993205432292,-0.0670941446596972,0.4308181092243554,0.2269706660483311,-0.9923622141695608,0.2003674375365973,-0.7469099290162488,1.5858013724151352,-0.4503694060582851,-0.5899952080497769,0.6562961038941175,1.5723633605887863,0.8207914940375358,-2.424485780934624,0.5196617203992948,1.1822349447060634,-0.5463266442084087,0.4431802127100374,-1.6478211681934416,-0.1213249556824924,-0.0969893793410933,1.4636364795658643,0.9318735359081064,-0.3805331390749916,0.1492400404201658,0.3254970807071936,1.1155521065860636,-1.5348854288982583,-2.2182234293009317,0.7658943363987748,1.2278082336318867,1.0948241355805906,-1.1573146603678663,0.3408942580106483,0.1283381863027806,0.4421221221105418,0.830105291696221,-0.5358360005011551,0.9516914423796684,1.4781544131488873,0.2261338513817008,0.8421483502961308,-0.1467230579299991,-1.362177272669278,-0.506538004059806,-0.8809765166339978,1.0664064459136904,0.0681920022182011,-0.941840435734662,-0.4179729336211043,-0.9688196733897574,-0.011441081951211,0.0175507009944482,-1.1690833113752903,0.0855058002586111,-1.4613695060606433,0.2015621312384425,-1.467344227348549,-1.2945807242271552,0.4195706450875035,0.974215336650514,0.1006476732701098,2.235121407752161,-2.405717692552559,-0.3641383337479509,-1.2793595449344597,0.8151442058991234,1.46769339320858,2.052858199353867,-0.5260515330870617,-1.2393176958614136,-1.1215178126059402,-1.7398350129824287,-0.1120928670534086,1.5812149783549416,-1.5596711642751833,0.9855289350218644,1.9609864049894024,0.5364702713493945,0.2592783678834619,-0.8231208367096675,1.3746697501127385,0.0265912534897264,-0.4851076783634855,0.8347359792856615
117.0,69.0,0.0,-1.102262232051078,1.40063154353908,-1.7876593146200128,-0.3395491366172111,-0.2249170979542557,1.998367395469916,-1.8273152354279685,-0.6955715579720976,0.2193041311527219,0.7308317119327514,0.319950261976511,0.1442532132355105,-0.4348533091577892,1.1748811897585223,-1.097471969975806,0.1729155047363809,0.0803780608049642,0.3078931134012912,0.2413105007412615,-0.1998424904287973,0.4199368712050095,-0.1269514924891285,0.5824601265038336,-0.8650938985807743,0.1171900164146314,0.1237562585161807,-0.8836759377995306,-1.379568371440098,-0.6107770002828936,-0.2982426392953116,-1.5131446959735106,-0.6759219450036642,0.8386672329379489,1.4670356160382223,1.6197525019715868,0.6657673011067798,1.4901420848746745,0.4693569698175195,0.7896863406286366,0.587431506299024,-0.0395348185636476,2.1552675864952904,0.0004798928565049,0.009646118311091,1.5063006128157184,0.8031821607349798,0.3184481591454953,-0.1235329831457156,-0.5668653041123384,0.3314999995603895,0.6384930375786416,1.0875217056412223,0.2402813744845046,-0.3109061284746734,1.6592968066767249,1.6022205112728856,-0.8473950302592795,0.7686786940690534,2.200276246902789,-0.7031570643588949,-3.114575055917004,1.1863423362365526,-0.0948405281514025,0.1868125040027457,-0.534642750353106,-0.0421565131693539,-1.3418597230507223,1.9271116025754411,0.1535329507303265,0.6803034328210251,1.0709120383078794,-2.1815611814846383,-0.8780489773613264,-0.6920916541701896,0.4552725462650077,0.2776442882193652,-1.095778420653807,0.8202420027594775,-2.372313725406722,0.988666059099062,-1.1754630715606194,-1.3025851740256364,0.0026374999143711,-0.2570995068297236,0.8651398728816329,0.0569601460691705,-2.157119463849336,-0.3858029066938717,1.5926694061260624,3.1795685594430982,-0.0182928821001678,-0.5807918501135687,1.956664685748711,0.8761722654779109,-1.0958771999200851,-0.249576949061547,0.3991987518301209,-0.3395994355639783,-0.7043808177236935,1.2295809833992135
40.0,137.0,0.0,-0.2266668921263606,-0.3502376041335014,-0.1039846190626538,0.1158359083686551,-1.7114374477412226,1.4473486163028333,-0.8115189238777232,-0.3985445534423489,0.4086430814000883,-0.3661816743248939,0.2050995184080808,2.6207389270454624,-0.1302146057845821,-1.7719462397373291,-0.8376449717739102,1.2572065368645622,-1.6122355892599394,1.6749632083147896,-0.8814390055441153,-1.5519512577259025,0.2735092998153506,0.891638247117319,0.8344533411325789,0.3668149011058992,0.2185599265647274,1.4501984776474557,-0.4334861995068172,-1.501674266453692,0.7838619929485593,1.2918913716650404,0.3869390473551465,-0.1875346262763694,-0.9935185862258296,-0.5799454803638463,-1.5448060034359723,0.0719762461139719,-0.6344068308179742,1.3544397100240326,-0.5008393631654473,-0.8361984457677575,0.3633284227761592,-0.1894470051850034,-1.6280719886512314,-0.0406148415986653,-0.4698619432804933,-0.7220414518219472,-0.2213841276241614,-0.8417086828988991,-0.4468156933006704,-2.9373104710141225,0.7251245051665248,-0.0066795274492251,-1.1301752986371918,-0.1449673921416409,0.2672854841757415,-1.3071206955168944,-0.6591932590767666,-1.1131163880332782,0.7599540737752297,-0.2681891917518662,-1.69674787748829,-1.0288068568659885,0.5473205920738449,0.0636248717163679,0.2903099556152618,-0.6080692048420496,-0.3644821670459537,-1.370764804537806,-0.328392064337519,-0.3958002435172006,-0.4981344090777717,0.5892392036656485,0.2279776301516185,-0.5441240851878284,-0.8287490001786215,0.6692607534950239,-0.3505993311960565,-1.1040788541273368,0.1490131648211294,-1.5550957910606509,2.641029274831383,-0.9811319602196052,-1.704293235589704,0.5314613918511693,-0.3033967134423109,1.561843296172725,-0.6488111882012657,1.956751433376132,0.0563172773766306,-1.231478840414589,-0.767412961554939,-2.24580016311177,0.946428181105178,2.098461435817246,-0.1746660893124373,0.8122869991065722,0.9873772431925536,1.1591981942753864,-1.1027042065668584,0.1005366320800686
67.0,58.0,0.0,-0.647230059798515,1.4928310567885483,0.8359377991180067,1.1142902989285468,0.2698274796319113,1.645991174198137,-1.2927992783972813,-1.7262037203907117,1.2144474615451115,2.2027425937709437,-0.3405330812353623,-1.368950135019955,-1.7923029801093022,-0.8370607309264975,-0.7663153123970021,-1.4144460475347025,-0.2072468435838538,-0.1071357398983267,0.4168684702675498,1.5211893614289131,0.3635322881131064,-0.1615218515056954,1.2605733034917177,0.4063217363720789,-0.8105075969558933,-0.0842064499555013,-1.3777560339035233,-0.0412586452305736,-0.328784161848095,1.8029107003070552,-0.0226230454350101,-0.0504144701625448,0.8630733413608416,-0.1428649448219164,0.8721023955698486,-0.39821664465988,-1.4054700373471256,0.1305213394385891,-0.0141248123623287,0.0573933822540163,0.4013698498411217,0.7170813223287668,0.1340175123845618,-0.3728362799329709,-1.2982018974295282,0.8577508491700055,-0.6101662202004631,-1.9610539663270636,-0.0922924728346849,0.6393379933336536,0.3105934299808766,-0.0142198879903724,0.4522030054372243,0.4012575451033727,0.7606721328975059,-1.5179915368894488,-1.0835216113925985,0.1433737425582772,0.0868795865877471,1.7613944310185534,1.487352165214549,-0.4614447383746307,-0.615184819887576,0.5988313922416604,-0.2571200483838889,0.4880661210943683,-1.6492490000256708,1.5643373501103794,1.0121291304497635,0.3942562153808667,1.0331988627928623,-0.234194288364304,-0.4252949780410057,-0.0667677332071181,1.3952647000304177,0.3984052772835086,0.9947832262067476,-2.2525974043584966,1.8843102377172207,-0.3348227482011263,-1.2123786143195414,-0.0395353854550384,0.265736126637466,-0.9225314095581516,-0.2411328787409734,-0.2948812867271859,0.7577933816813004,0.8905496445668685,1.6939981714361785,-2.174780503490986,0.8003301606892926,0.1094255590486959,0.3454162176152215,0.0644132778390527,-2.235567692546835,1.63788848750342,1.1727327931502154,-0.377939145580303,-0.2192300141725661,0.2712543925076999
16.0,148.0,0.0,-0.0734578857832309,-0.6835030028786325,-0.5603248165702411,-0.0314678840735898,-0.2745089351712024,1.3768562391760408,-0.6237952668680559,-1.873761513457368,0.3232127796715729,0.4657323926792027,1.2874924537816903,0.6301902474851349,-0.0608968349697723,1.5306923198912674,-1.5674786094869169,0.6236273285606438,0.2999745549447526,-0.2294811353132186,-1.9679245665883236,-1.4528251241677066,0.2540688918758922,0.835969704706353,2.213925430191291,0.2273930268572433,-0.3241103406076167,0.0913561164147527,2.8055553373644013,-0.4351928834803074,-0.4301563981468146,-0.4052076301769249,-0.0987848301567641,-0.7641249457788456,-0.7122054340442547,-2.790637051443006,-0.0223121010778567,1.142419732408462,-0.6225336925335512,-0.4922753949960073,-0.4641800866038094,0.0039138558757309,0.3161759758634396,0.4465822238470185,-1.0875891626198966,-1.8911326308586656,0.4419991696285082,0.111922575892061,0.3068786604625398,-0.277102859326211,-0.1258917692471753,0.6481113006928665,0.3494395546400515,0.1270655151870823,-0.6796434431414107,1.1988229222228566,0.7108919427901044,0.0149719164177977,1.1257738895458882,-1.4294631187486215,-0.9065935764487616,-1.029275163281108,-0.3246831786126793,0.0062914959306701,0.5906020820953701,-0.5887823053700857,-0.1322720270523282,-1.1957610516625,0.2060701781092829,-2.0882943154568827,0.068111572823874,1.1425695980265558,-0.1383602029908575,0.5887861495924579,0.0622581181915829,-0.0113009521890689,0.8073963795957755,0.019461710813415,0.152932636581792,0.85791797905859,-0.7558136070127353,-1.4355975070029576,1.5394093302363527,0.8569293676030819,-0.6727049730770824,1.5167670019750743,-0.7247245015646435,-0.9616697196726964,-0.8494125326742015,-0.3317378930609947,0.1906368740444411,1.664034419660907,0.3922978944991469,2.322704146324748,1.9727138539969544,0.437313672828445,-0.2583400432083038,0.1408335702857938,2.4971639003521218,-0.801427707497482,0.1435990620672592,0.386030457020414
64.0,199.0,0.0,-0.0943321224795275,-1.098366393140329,-0.624525377919341,0.9182280975025852,0.6586498664353952,0.7692275867267667,-0.8884611529933375,-1.8574243857466035,-1.134369356443917,-1.0740419887435393,0.6223481074565208,-2.300376737893488,0.8498129060312307,-1.2366912437567157,0.4945073918795654,1.2982937721014245,-0.325519962978835,0.4618734029838403,-0.1010369189331812,0.4724985437030402,-0.1735176280613068,0.0115971582036587,0.5703692637752531,0.6595391626918659,-1.1740969277149105,1.169600354817959,-0.3179234375774301,-0.1995631853828464,-0.7263182420468521,-0.2579937755500658,0.3070783811871255,1.7810280727992107,-0.0517373942061977,0.5959538357760015,0.6636497884340496,-0.6814641096290202,-0.2909726173497768,0.6617779844182698,0.0426422586436121,0.0324419132124161,1.5096293001143526,-0.0570798934570501,0.5649558900373907,-0.3193852750189632,-1.260713452844024,0.8304564758755759,0.2723688329998119,-0.5422881094849972,-1.016981073940944,0.4235284275363843,0.0997278137057426,-0.1530412114715929,-1.2286672386359725,1.040769303721071,-0.2690861411143124,-1.024394887223916,0.9718282739021576,-0.103523152430984,-1.0337675151736208,-1.2373410987690692,-0.7003274382725624,2.5877836717936904,2.384505402503266,-0.6421258981550554,0.107085986937382,0.544379034741779,-1.6235673184650958,1.2010676679461725,-0.3596700100271205,0.1209031866568663,0.4189959749132516,-0.5190055621840299,-1.284114409491178,-0.3452340188360731,0.4077982010852662,-1.691758206607413,0.3096783295845501,-0.97653214843878,0.370234822270335,-0.7060364863085402,0.9689013409138804,-0.5633511759887422,0.470306101811944,0.4086412725709314,-0.8501830884472433,-1.110488599226933,-0.7875343026815169,2.116234080106802,1.451194602490394,-1.7511440483366505,0.2994873641134666,0.6174991055170966,-0.2252242007747994,0.4613311083765822,-1.1257808983936548,1.1439219929251323,0.7131174424722267,0.1943175464719013,-1.180531460937207,0.0222695701833581
17.0,39.0,0.0,-0.5690664238218988,-1.129323811847451,-1.8611114640975157,1.240961187242303,-1.0576592627506234,0.6825781270435722,0.463825654962234,-1.356710507991801,0.1308632297918872,1.1694709004940045,-0.2045060142657016,1.7880767110315363,-1.0558718558272044,-0.7338313012308721,0.4814114005368147,1.11598441564172,0.1884654853096472,-0.4941219165987414,0.7080642959352015,-0.7333437491168897,0.6030108866293462,0.3004004933225712,-1.4123890570793467,1.2522225031944438,0.48335506130532,-1.6468250966709377,0.3540916179567765,-0.7487464138477486,1.6361096819615324,0.3777885531396505,-1.888071389478368,-0.6746088628482371,-0.7519493697941998,0.572547923285875,-0.0519181095103574,2.0696882653706803,0.1593512647242426,0.5302592815638337,1.5814372766355105,-1.908680826564548,-0.0294558698745141,-0.6574818757966094,1.062112332543777,0.530194449735459,0.0289245662112828,-0.1160562523234067,-2.125455555760896,-1.3307063101557777,-0.6286988029270453,0.5462298670879051,0.3483447064626224,-0.6431166258253725,-1.88585762277293,0.243749471142639,-0.1361958993995747,-0.8271322250453008,1.3045345306773473,0.4338865069612108,-0.3490595226240137,-1.1524366813359306,0.4168883401969437,1.2977165803336672,-1.455664330942692,-0.6593432428065009,0.4695801279731437,-1.468889994920871,0.5698695997134267,0.7627544888057427,-0.3994215543470527,-1.2103882634354417,-0.94359045301256,1.801954653674392,-2.445798991038905,2.5055020378267736,0.1339897480042408,1.1521361499204914,2.4877048318244386,-0.883360165458464,-0.2880451101001217,-1.2004529575129173,2.012024718584453,0.24425693343297,1.148552564031728,1.2408498833539916,-2.110755950491161,0.1210712489361433,1.929869786041977,0.6092335986300924,0.7888875583704296,0.5518245613559927,2.366560300603844,0.7189336463483162,-0.5790754383742118,-0.4143716508490138,0.5860150232082764,-0.4895701273749357,-2.01519302116,1.0122109078475678,0.5695994574128127,-1.0149616280477096
101.0,170.0,0.0,1.945751380830156,0.4823254243518103,0.8226183089422054,1.1572057470946702,-1.0395530545726437,0.6991175472496253,0.0467203956329684,-0.2940638178967395,-1.993368783066534,-1.6386594100934178,-0.4413674513606169,-0.0627854499825233,1.2618145161818086,-0.6820212525146292,0.0300866457149147,1.4140892600752872,0.5877343907161563,1.1658559068861811,0.3490144859584819,-0.0622324028837187,1.7757579971876392,1.911044477874268,-0.4998003454773641,0.7787286066894845,1.4679767985508236,-0.3341347408221095,-1.347719388756255,1.70255200634833,0.1458974227584875,-0.5910144307510793,-1.06397639085581,0.4780009751445691,-1.7896105537228446,0.1078928401379557,0.3789410689727931,-1.3208422646785385,-1.994188552455028,0.6253351242496401,1.1754233291226808,0.13965078325751,0.2808038576299675,0.3426736836272185,-0.0825931258827847,0.6182258878428223,-0.7276271216185348,-1.6843658182153334,-0.1084974116995618,0.4935520314027413,0.6814634107735382,0.4855418794103182,0.8127376607279103,-0.900632027888492,-1.314820662305174,0.9031215338866077,1.7893870999972783,0.4996186965766779,-0.8435493329763708,-0.3585474554515939,0.6451142734939068,0.6351129239743385,-1.3264651906168154,-0.4841677521792868,-0.6271570151686605,-0.9886904737472926,-0.4118368646269158,0.3325928125500988,-0.4721148737655263,-0.6665489603997867,-0.2159665247958553,0.2747951724575846,-0.9559062847956534,-2.0238146251783022,0.7145691119319277,0.8663907751603456,-1.6838680462606197,0.4554163336870278,0.4934428053049775,-0.9712355025092452,2.385273342096333,-0.4506304328901492,0.3025887268277686,-0.4273401172560675,0.1907670645742123,-1.2630649092871749,1.2115106283024115,-0.6976096431691521,-0.5624363274301574,-1.0977723178659493,-1.3505514585812346,-0.7365584036703161,0.8921792189900005,-1.18411351351197,-0.2146389634514375,-1.024099849636,0.1641308008612255,-0.3967379510529544,2.3976804942663987,1.0468255643869917,0.580912994289332,-0.5100029309364683
131.0,50.0,0.0,0.6086505812634192,0.2688389852829464,-0.152944517385765,1.2421141628936407,0.9302709815827658,0.4413269937342037,-1.4915057162336596,1.876398598284272,-0.6612505776329867,0.7080914644931711,-0.7486090112004739,0.1536644579298976,0.507124024857374,-0.919532648398982,-0.3963293636576928,-0.897422275484125,1.0103959144647865,1.146665409357305,0.1943393735101796,-0.1287292148532968,1.7810270840469284,1.3896843522738622,-0.5633668176517141,0.466528988753721,0.4524449537551232,0.0725603677780561,0.9539340861522962,-0.7842156898560939,-1.1289102134641256,-1.883287957696787,-1.9295216563338728,-1.1271393836652672,-1.4519049770475552,1.4325957980122033,1.3482497384206338,0.2486001953468224,2.1981228491644758,0.7382111093681148,-0.1738234089925303,1.285165576436477,0.0331956629624186,-2.8835165731367662,-0.4863079117182579,-0.4115322564386179,0.2554695565755903,-0.7104507401670951,0.3147925544051542,1.0164902876624324,-0.9788861268032124,0.4922405391116752,1.9615563868280053,1.2854359074168464,-0.0225350807276865,0.8687185474830859,-0.0242863282334401,0.2658427803470869,-0.5151742115853228,0.7309726826815073,1.470769526606349,-0.8695712637562557,-0.7731189278022645,0.7237178695443612,0.2110116738790435,0.8728003512441177,1.0467349388366325,0.7844378795955991,-1.322612244166434,-0.2265454867454616,1.347097269883476,-1.371339195076155,0.5803740286647396,0.8191619290854653,-0.0028867780384401,0.0609739307026836,-0.8250142696683826,-1.7774939253540216,-0.8332626591129386,-1.2447663813607983,1.309056618951386,2.287442332938308,-0.5152704314788953,-0.5052642636712564,-1.4237796522909716,0.1647155137353239,0.3099150251400103,-2.117616840941347,-0.8532232710356392,0.0633991603056639,0.063360586064716,1.544179267185107,0.2868672059214594,1.1981984219523365,1.8815704371445967,0.2630410120476863,-1.1940509698411,-0.688327547892674,-2.0211675430317038,-0.0029863802487145,-0.0722380402687578,0.883789838854534
96.0,159.0,0.0,-0.1371511041774863,-0.3639243738499826,0.4698868385038839,0.4663636212340518,-0.0442344114672491,0.5817443025479865,0.125359904959589,-0.8248858810805961,-1.8644059537241384,-2.2798016262614387,0.6270434364617165,0.2306091794510892,1.4142602256463812,1.3430131138176429,-0.6157242429855878,0.3314591057161173,-2.3046705886010184,0.956841571428214,0.1042798491862902,-0.5289076798752028,1.336107112936537,2.2456662026000127,-1.558027586584886,1.442228847912575,1.2509757478689958,-0.7728545741899167,-0.964739635013986,-0.2283458933735415,0.2816601317638729,-0.2963717999632165,0.8660875574729029,1.414353538658562,-1.6894257983970562,0.2934071668115156,0.0292991766216635,-1.492209372680977,0.351336911420875,0.2610474734721899,-0.6555925287359525,1.4932783261942353,-1.3407850090476152,-0.9116049908804832,0.0443332184268391,-0.3194144842813473,-0.2986350911153641,-1.247082648008728,0.9297247990706636,0.015172971210767,-0.2065536869158546,0.2687592214157877,-0.5934067379787532,-0.3653086196987591,-1.046733625638428,-0.342292421465306,2.838474009062888,-0.0849583112093925,-0.3661854144303424,-0.3001451279965609,0.68540471888184,1.4857124875039198,-1.2109504952691308,0.2458494404066503,-0.3710311528150766,-0.650196044222875,-0.7404104723546926,-0.3117344053602146,-0.2592867976310313,0.0840822489985856,1.381391621567432,-0.7084141378931155,-0.3946274447693567,-1.7199671186758918,0.0110841919759895,0.2747915332164365,1.2891947865829287,-0.3475721883786146,0.7034991560379436,-1.3308044061105824,1.3042370706854407,0.3716311214823338,-1.25611427524805,-0.6975523405925157,-0.3941187627454551,-0.6037206253780222,0.2901328912472018,-0.9124881242630242,1.2128885660860216,-0.0726968306915641,-0.938629071076204,-0.275237229331004,0.5984260585300456,-0.512069040879553,2.7727706210116296,-0.2808109223313368,0.4659553431035207,-0.95519548230917,0.4166466631960249,0.4693523521896612,2.0313586716016934,-0.8724270921687833
55.0,73.0,0.0,0.3668873136279749,0.6729722297233274,-0.3506698654139719,0.1497681340369865,0.100095462751546,2.066432545063037,-0.282003628462051,-0.2621706504900514,0.1190299833257554,2.052645890503734,-0.5638563350749102,-0.7477095780185942,-1.2683940843434551,-0.5853268869333998,-1.738142632655173,-1.10274421928435,-0.867173741600407,0.1115664102956792,-0.0105833073472234,-0.4676538534035844,0.5825776895070922,-0.6844863471051351,2.2209041450334945,0.4578913033079624,-0.3857268520138489,1.131713501990427,-1.0154919866455614,-0.1878998238935188,0.7782651575666432,1.2463427302764685,0.0013009489287799,-0.1492498255998711,-0.1977486782336989,0.1057334324934432,1.0733195208549555,0.3473138720612965,-1.1544989213315928,-0.403546838980088,0.2898349438070877,0.0550983743010076,-0.255181069929878,-1.8365557796272964,1.2538814618771932,0.1648207815401642,-0.1863745264891352,1.3422670034400854,-0.430630659930283,-0.0421076382534409,-0.7858890151545611,1.1507050173516635,0.8455655396467237,1.6516911636651148,-0.5426896859059411,0.5935635080004352,0.1090086187890869,-1.43088483010549,-1.1224199397374237,0.7256528487949852,0.5792551566406183,-0.8812058123676434,-0.342913913601132,0.4577427942548025,0.4084482794535494,0.5349484117647033,-0.8195357023785852,0.3791023861024091,-1.6727872621078117,0.5820545531640726,0.8514058579376242,-1.056694611350745,1.063558757402576,-1.1036441644233677,-1.050654830540313,0.2091564277515766,1.0653413317726623,-0.7963149692718756,1.9847638045244695,-2.008624477935009,-1.0593970143522706,0.2060075504156947,-2.6159606928736734,1.668848672872298,-1.184116592353376,-0.1542709573628038,0.968186622435564,-0.6401872221281919,0.4878071166783627,0.6856511978445001,0.8423586397380183,-1.856941239810999,0.3305860999191304,-0.2382305533828504,-0.216656546153779,-0.0269605070003522,-2.2149190695129577,0.7619863770973382,-0.7819520857472,1.382558982486295,1.3298195788995018,1.2109901681443942
106.0,73.0,0.0,-0.2839682355744508,1.5853857186936142,-1.3761056701136607,0.7904848823407284,0.7570870147868123,1.4820619835204174,-1.4648985588335928,-0.0910154384127613,-0.2167185762762477,0.739832226677036,0.59599438518265,0.9076209536586743,-0.7564455314089885,0.2397071170875383,-0.1828936060260885,-1.1371156608012971,0.0312251062721416,-1.161337125108165,-0.3998274234055581,0.9813585957387484,0.837237061247667,-0.4358982702626622,-0.9371054676992504,0.0712883211552413,-1.023068167465555,-0.2036645389145358,-2.027222368101092,-0.7350578460586497,0.6592772650711511,0.1629177632807426,-1.3269792919365413,-1.006363549605865,1.11614027106554,1.4290410577905197,0.3036510395476711,-0.3154268019603525,0.9100183217551712,1.5368452097204015,0.6439210730565793,-0.5425324202303323,0.7746905484757126,1.7891281008344722,-0.4005774609007264,0.8716736417934328,1.1529871710419777,0.8204707844770632,-0.4759570936554444,0.3265332085557518,-0.222498901554135,0.8393819442023764,0.7112296911044456,-0.106868974305761,1.0856689219639295,-0.4296773723986483,1.5005966200492462,2.47618230513368,-0.4588534435794018,-0.0139510838410658,1.4351856661923093,1.016759168812693,-2.430579913279084,0.704123785520803,-0.2219766479963489,-0.7946829554366781,-0.2926087972159346,1.2126210622686333,0.017330355883993,1.817839348929356,0.0001563325963935,1.3280342209216398,1.1902659782184215,-1.1874797584961725,-1.7653272705859755,0.0608276951125759,-0.0517004302067053,1.3461256842325808,-0.9860660665114692,0.3546825762551521,-0.4568152935458512,-0.4444570119489634,-0.7501049934190683,-1.578425641642149,-0.6665538928514473,-0.2431543831984535,1.0823573402368438,1.6575683211403152,-1.7146218163592666,0.3210587003861979,1.0686481985698646,3.095759821185552,0.3397621529838099,0.7789772843079974,0.5244771908927492,-0.350031952149642,-0.7461955256340296,0.3353653644674935,1.6721005009528351,-2.183263120635908,0.1683833148729339,0.1071468819620323
70.0,134.0,0.0,-0.2641357287736708,0.1127786643593575,-2.28838594263764,-0.935289205434794,-1.2280479461528775,0.045519253690084,-0.6759457555574293,-0.6913901424770881,0.189028085262844,-1.4637958052951014,1.6862526031153815,1.6040828662331332,0.1703640352219773,-0.6296143796058028,-1.3010059723918257,-0.1784960150992142,-0.3933753070010735,-0.4757746944836248,-1.5550070440580306,-0.4705703909415616,0.4842001912253009,1.1714289233584887,1.3805621214606212,-1.0269811127519448,-1.8038368571805197,-2.447750587611635,-0.1277408618630732,-0.7422487213579104,0.1528540049914589,0.692087468520929,-1.005417174475966,0.408333369967864,-0.882118636388435,-1.3063479624064638,0.2646479087503896,-0.291961628051041,0.0328209149185317,0.8495988964687061,-0.6664818466983358,-1.160875069736301,-0.3149533225921938,-0.923350075153779,-2.0325384972386664,0.0046085785281692,0.0930557052355461,0.8976786023457994,-0.4143282184057351,0.8362379569773619,1.9232022177217092,-1.277114713482424,0.3728677162520917,0.5194057546782276,0.0714637964572988,-0.0168366772892417,-1.039901035659393,-2.163193596553928,-0.4466586768171686,-0.7061806626193644,-0.3590667821255821,-0.6927476576755452,-0.7032597115791144,0.3503745967982944,-0.3009078032066446,-0.1818451306414776,0.2058716882158827,-0.210526781793937,0.09251747366222,-1.1137512243068293,1.0037635243104537,0.3462020011923641,-0.5404068943727777,-0.0833690744195215,-1.153059154664395,-1.0007259752960764,1.07197495918503,-0.2638517694403835,-0.8176920425349551,0.6228470672371762,0.0769675865149018,-0.2766832728262747,0.3725661818122542,-1.06976769408021,-1.4364150131813498,-0.4060120224711793,-0.6445552537199436,0.9127532909327988,-0.5052115506569584,-0.4467141500851309,2.8417402444304525,-1.2736727842943578,-0.1974598693613488,0.3750289836602835,-0.2171002482572259,1.7430100212490514,-0.3279473340435799,0.4844239530669516,-0.2663029907711952,1.537945977540938,-2.713275607140229,0.4581299402633061
171.0,144.0,0.0,1.0778784574293063,-0.4704760685253591,0.5851875039387557,-0.6708598866540193,0.9161978969482752,-0.9176881578487756,-1.556132724611358,0.8755532912312326,-0.5994984042043899,0.668412001774821,0.6919946358751783,-0.6315902545391351,1.1182537088411164,-0.9719354176651094,-1.7467287949829773,-1.719379808301135,-0.1876087453384976,1.29380931522357,-1.0371389539494789,-0.5234370838297024,0.9499748885333066,-0.9786484081587687,-1.0776653689729208,0.3689334988078312,-0.9660888636885044,-0.6079198567613057,1.2344058387640475,-1.252545340342516,-1.6167718378801177,-0.8512485784332288,-1.4157439373735623,0.4495806924313184,-1.7057487701081462,0.2213665035169976,-1.977046980412318,-0.8153251370975847,-0.7148257213380846,1.35847488498919,-0.458796376436572,-0.2699522528926164,-0.7342099517652062,-3.2148393038903182,-0.0005315793066421,-0.4162000130801022,0.2626783132479632,-0.0136547723212823,0.1662829013813548,0.1472731322766489,1.4485630983129905,-0.0354125052951887,0.5214645261855556,0.144804261776511,0.0949734483764677,0.0900144517614064,-1.0474177888132647,-0.2843060449035455,0.7072116408108671,-1.626033455198222,-0.4715850879539172,-0.8888234567725641,0.282390765844452,1.6302039464109377,1.1137584656871944,-0.3631373042510636,0.2202380066129642,-0.3613299816821612,0.7011113767633901,0.8424050556094175,1.3628110062222674,0.4517569497552514,0.181251041221733,-0.2764342277911353,-0.0548840632949284,-0.2651797531595413,-0.1094686373975392,0.4187392071534122,0.1165177624241282,-2.2120239922838425,0.4516171756303062,-1.2003984703677646,-0.8113105605100193,-0.8855333954966651,0.3012956603423214,0.739769919537413,-0.4182141617108254,-0.7376335019881931,1.4076979196894353,-1.449055096229943,-0.6554429821358047,0.8061774674079956,-0.2145446941433332,1.4460556505363318,1.108170495878433,-0.7609896983843656,-0.2598993662915818,0.6158159687654585,0.2411133771989164,0.6591004683628406,0.2476782081848731,1.105059819985723
194.0,186.0,0.0,-0.4293205470244161,0.8344907999768201,-0.2735652307470894,0.4068939511808179,0.055283948342437,0.1073412879665909,-0.0328960069151974,0.2775716318737158,0.0567194362938082,0.3405790082453839,0.13354509232472,1.054808972201675,-0.5922856972782795,-0.0825230715026118,-1.4331606898657023,1.5353457391796828,-0.3902320335227051,0.9396071639526667,0.4942601095765599,1.132995665184262,1.7468454181751727,1.954564624358752,-1.2791076816915237,1.2193619294585851,0.4807149572140814,-0.3521001909002735,0.2758978417592554,-1.1045730175479167,0.2208649358909278,1.0101717370525445,0.6856093817443208,1.104797873991609,0.1169221051837315,0.2989096348507494,0.9485263606557596,1.7072034057844072,0.2478134457650711,1.251220800740998,-0.6005737414338479,-1.2085658952531169,-1.843741508389092,0.1553090165583159,-0.5176721670040745,-1.2208597442586575,1.1973839799144297,-0.5184106717461384,0.5170190432502101,-0.138499705589623,-0.594342929502724,0.8358062086794942,0.0167321013129799,0.1207557084935959,-1.1574862633374514,0.2510239189455682,-0.1939790886394383,0.2806928592971904,-0.5751530595275995,-0.7202522203502348,0.729245817605714,-0.4829531637557354,-0.5143115245049646,-0.7304145331770411,0.3273995670714807,2.322165538290708,-0.4640473679641426,-0.0542947670861715,0.4947080091403116,-1.3504223124234451,-1.6250033257359888,0.5386758776541606,-0.4036367232074562,-1.584815680415536,2.459264270528524,-0.3172296900365373,0.0884018158595848,2.4341987717292946,1.3586732441402012,-0.8418832216167562,-0.4160243928106485,-0.3470305302296017,-1.9687972360448864,-0.9060636329674264,-2.174503133760763,-0.1730930130760545,1.0403634277630371,0.3492902460580342,0.409224712996027,0.3169022104186644,1.829076929905892,-1.989498082595188,0.8561116149183381,2.30877494668018,0.8881569156992013,0.4126166434334821,-0.0821846801050551,-0.3058916271812802,-0.8408597508572464,0.3115966513187662,-0.1029743769461625,0.2620779280109513
34.0,62.0,0.0,-0.5218421833415797,-1.5916780617848338,-0.6077638758945851,0.8380757109499827,-0.4649369459785659,2.331497122488108,0.202765932616818,-1.394364630699182,-0.8835318825063357,2.8885211421521158,-1.357048344031461,-0.2838615984023845,-0.3885877024808283,-0.1694068936031702,0.6083620875165072,-0.0989203117310004,-0.089194974164665,0.7731809153719263,1.76068998635609,1.019799068763738,-0.7133584094954715,0.5093328566485231,0.7162952003483789,1.297604752913733,-0.0738036962491103,-0.6040015940887367,-2.030978178019992,0.4077026507543916,-0.3147677270584592,0.7255536521291297,0.4262044907647348,2.272440451110568,-0.7839310038474442,1.2834222391630457,0.8803765655498199,0.309037787258307,-0.8303800323532875,-0.0728434882896051,-0.4222729441456752,-0.1628906201561447,0.1365433162315034,0.25827403316515,0.8278305525603245,0.3090768456995414,0.4774789200845811,0.6960330920505103,-2.463078458207412,1.3097600311567388,0.5181689825187477,0.522749160429545,0.1825747737594817,-0.5353261215754284,0.7222680956271016,-0.3168433515075929,1.7271678353856033,-0.0802290053706527,0.6627191254835298,0.2540332744139891,0.5578114994311391,0.2783863549700824,0.5416793789961232,1.4748045334521294,0.6564116422674893,1.5347568466115145,-0.2757550392079779,-1.3171488575440256,0.5060889212378775,0.131848156100457,1.150445290333645,-0.1473436734126096,0.3878112412158234,-0.9322392451607028,0.0812813219402942,2.531093297423243,1.1028664917037867,-0.0508394981430649,0.0998528785394909,-0.8153815160530874,-0.2795820486447699,-0.5213321717542445,-2.529165448628283,1.3952617057908792,-0.1539035780049841,-1.9698119352900605,0.5487816578146072,0.3636692899429324,0.0504083360619471,1.7254517463404178,-0.3727125984880123,1.359627584834438,1.726569323805328,-0.2035183360692185,-0.5824251069279863,0.403646659897258,-0.931657605827916,1.6316495119655443,0.0182353554600168,-0.0229600473027227,1.0440864926168725,0.5697782514205733
32.0,25.0,0.0,-0.3746874823105224,-1.283510175799649,-1.0371579260442847,1.342888627813975,-0.6138689728458961,0.3712018489852617,-0.037156093075109,0.486016827255167,-1.3715589811887452,0.8204823257642999,0.3621402155796742,0.6772150878649819,0.1972794506614847,-0.0798354553785229,-1.980552203015576,0.4276278586684753,1.0654105890668977,-1.0976045857746124,0.9218388931184724,0.1196687628308103,0.8409074801847365,0.4669891244159695,-0.5723535967457271,-1.101863252561317,0.3776884061129335,0.0695453651234091,0.6440916756961443,0.3259991760842611,0.6115408317254485,0.0146637936779726,-1.709217004469368,-1.1667395405876697,-1.414251534433066,0.7108264022079257,1.746308544542154,1.871427621163304,0.1351232507986777,-0.489438094840371,-0.1662687629969042,-0.9921291513793276,0.6195189017493955,0.1857069348634967,0.0201899768001933,0.3558666937884667,0.5481664325321844,-0.1868160817803159,-0.3394840995707961,-1.4790812190270874,-0.1233688474008943,0.2093343150257259,0.2530925691879754,0.767473213233311,-0.2282052630494598,-1.5335329506692934,0.2617296485575005,-0.9500567101912104,1.347712685080803,0.7342010048168848,-0.4938122285321633,-0.5069989885772723,-1.1610127145932785,0.3438517567181004,0.7531019444419513,-1.701969909311563,0.1208502686712668,0.1138178294762264,1.221403827676406,-0.294980525303862,-0.4707782098476708,-0.1822566803545787,1.0848364611599313,1.190922743407989,-1.0623719761138368,-1.1351153520793,-1.5957066243850209,0.4909770020478362,-0.9848920416452986,-0.7788124414888971,-0.0257864220834034,1.4909698325043583,-0.0564010203156933,1.4521482228360418,0.1779231631371242,0.6886056708947055,-1.848302395245116,0.689128317878483,1.199525863910528,0.2044969189368991,2.2222158919326005,0.2674546474431055,1.2626072082959896,-0.0306521560893678,-0.1324073598157791,0.2985345811901913,-0.0955062500826818,-0.3002591512783991,-1.6424589106700307,-0.773879791421652,0.7143426461211602,-0.5638159501792407
70.0,20.0,0.0,-0.8919754742866464,-1.2584249729704935,0.4461706095099316,-0.3109780995819928,-1.4175655115964667,-0.9705802191069816,-0.7511171064681369,1.160324956756397,0.0264714847739055,-1.0753499460481224,0.3690973393600935,-1.2519331272364966,0.9760097230326,0.5454460502524762,1.0208659091641257,-0.8936638215249219,1.2725474438351283,-1.0118873504245365,-0.881156769589512,-0.4610704863988087,-0.9732002275092771,-0.1569050258745007,-1.5120897177641768,-1.2253531899354195,0.3984222000830544,-0.991555692954639,0.0678102242285895,-0.0133040796262433,-1.2646002019710667,0.8712026097190505,-1.2134403606077175,-1.7081286082267375,0.4910607641317572,-0.582005370280062,0.1087296975545598,1.8367213036589007,-0.6575554675829504,0.2091149576211142,0.3652857987671819,-0.4977714278763659,-0.257571402087304,-0.5634723612909763,0.664515185299241,-0.3291244634530904,0.5252674498848625,0.8440086339219275,-1.2696867613123637,-1.3123086808065405,-0.2598517065420969,0.1247557616562377,0.3982105391353376,-1.879151083967141,1.5427740411051332,-0.9487650845556376,-0.2642945744226429,0.3715073837625846,-0.7389502192982842,-0.6013650180923814,-0.737704666421727,1.0074301803328325,-0.0704062887235649,0.4595434405014018,-0.7436668091838657,0.0327261595669041,1.5533010436280237,0.9519268331258062,-1.388605211856307,0.8772997173776541,0.4634070987250693,0.3061149515496123,0.4751211914511318,-0.4312738587914084,0.2550273900061179,-0.7741655793684664,0.1933286906922405,-0.052206675293758,0.0318302144194856,0.2490835654876254,0.080243175523137,0.4171159309064247,0.6058129114902393,-0.7445578731988401,-0.9729392763160488,1.630020997354268,0.5677653794456275,0.0089226123204704,-1.1126089089828803,0.5997522449304524,2.444293241064284,0.7062357759072098,0.6731326971949991,0.4840120037697245,1.102119798001031,1.551203261305678,0.1332485477211254,-0.0878880613738313,-0.4206987925214315,-0.9161241187736244,-0.8911414753415743,-0.8897770072922746
175.0,49.0,0.0,1.2347029906589595,0.6147976322535352,-0.1949261768802429,-0.2695439408027988,0.8976802958831466,0.0394613283032241,0.3473706457819532,-0.4792048584435025,-0.1571654268645149,-0.1266201062382003,0.5246592398249902,0.8322461310194813,0.7744995415784596,2.3667897755526317,0.7566999844715148,0.531174989608167,0.3943024085652012,-0.0063659406564228,-2.4405414276289537,1.046362004731367,1.052677752894713,-1.0162436109932225,1.5857280729701255,-2.0827244378766343,1.5508437716558774,-0.2604661256942316,-0.2432355588075054,-0.2114801995538021,-1.2470808687505657,-0.9337958911826076,1.3627632875696791,-1.0454251005728223,-0.420738495164371,-0.1856602119978452,1.8263591618307449,-1.0334293726830523,0.2783750885501675,-0.0653349406981877,0.9591176704215676,3.122639575297625,-1.797288348534668,-0.6896424923678959,0.1611001052240587,-1.9162049687874223,-0.5457690483266,0.1027217014546745,0.1727443658408164,-1.0716096375973625,-1.0674857210537516,-0.7931870560775651,0.0804034146073459,0.3956319357900243,1.0681264145461151,0.201134840315397,-0.1563121251818358,-0.3791145976618498,0.7723323442771333,0.2389599315583762,-0.0078365831396558,-0.4432098153183235,0.2470176866095281,0.2003023881089374,-0.2107333715879137,1.0421876674033173,0.2745666839239227,2.2378872927661453,-0.9545132060315372,-1.030128890159549,0.0932611029521049,-1.6660175633100824,-0.0642492667020103,0.2744799985485796,1.542003149349716,-1.0035876181692478,-1.0370607929590958,-0.5355077177317134,-1.1462646271469563,-0.3660187687223896,0.3133534961602967,-1.2682497098638663,0.6786084985638987,-0.9743418448270764,0.4779382524780359,-0.3778042170055347,0.4954061926157227,0.4799725250653432,0.6864167735899628,0.469676678318056,-0.6751189055787269,0.0041991770776851,-0.8139409164868411,1.523565674490775,0.2739374058302549,0.5160144359825839,0.81380016832697,0.3160491552100205,1.7387608646133874,1.1504974279112068,-0.5044431388132854,-0.0061895557270514
171.0,89.0,0.0,0.7813926146767902,1.2962055355832844,0.5648089443497764,0.2495522991319091,-1.1717407456696067,0.8317328103911211,0.6884838069615827,-0.2691908286809555,0.904037631971806,-0.5172511696769235,-2.2106664817689907,-1.122208297431664,-0.2698784114174679,0.189929737675323,-1.0203399934767945,0.1586669131373895,1.1646072679944968,0.821901582129759,2.700666422950217,0.1822677211521204,1.5054683461045315,-0.5567017402627031,2.0355733046482665,-0.2655688094188834,0.449774861864518,0.204313100220998,1.1086899760965898,0.0419380165426327,-0.4536759475364205,0.2495283816378339,1.5195678852156356,-0.584048010460162,-0.7947329621900086,-0.2782085396657624,0.330009429210492,-0.5183032839421983,1.5981017871592922,-1.6447726553003998,-1.6685294556715249,-2.237189338149019,-0.2078993039023317,0.7272681832052903,0.2866454749070818,0.1111671125066415,0.6267746120299909,1.275742435513202,2.052476825224534,-0.6060721334264608,0.5998046542865709,-1.1218439832499212,-0.3905220413398244,0.5790232299408846,0.7543789519363909,-0.7593690782886373,0.0063156366106107,2.2943924006445977,-1.582503555715953,0.1484948365927332,0.0997600209603906,0.0345510578251467,-0.0136904145992681,1.696862600720542,-2.0009150134509484,-3.0435863328833097,-0.2963445582368182,0.4021328594241534,0.1692146423415196,0.2439910791917491,-0.0327275514174685,1.3291840839165323,0.6511064653763247,0.4954126340026331,0.1560033280893618,-1.1678712783076248,1.5722938095498251,-1.0067921766122452,-0.3436575400059923,1.677159677148441,0.4066844678927842,0.6606049983008888,0.2326135771200262,-1.166885669175163,-1.5493918574450956,0.2572818816626002,-0.4725070873659841,-0.2370576307574189,0.5223026584241107,0.2895044732642982,1.141627082631414,0.5482850852007037,1.9716644414046125,-0.2463728522116391,-0.6911918363126721,-0.418118992435053,0.7325140987012686,1.1171652117993722,-0.0987450065179512,1.0108747749524032,-0.3395209724497083,-0.5489552007086022
13.0,194.0,0.0,0.0205696938870834,-0.5914405797374673,-1.113443289338881,1.0472105192128538,-1.0522334633453096,0.3549509155561244,1.2024918905895872,0.3015996804393271,-0.2448994366429887,-1.0038205932631905,0.4921599153260669,-0.4552786493275066,-1.1314163752381492,-1.4853496213876,-0.2656152498337972,-1.1388855366919275,-0.7687481135839325,-1.6442829336662408,0.547924711064452,0.1000596278767307,1.7987188463440666,-0.1835704355848413,-0.3537671711541249,-0.8467089514872945,-0.3369077520304683,-0.4917617369754771,0.3168710856553935,0.0580949423839979,1.6174014588176098,-0.3482895327305836,0.6361351690017737,-0.516399236114844,-1.2951570052116208,1.1634111337836468,-0.3416056796647475,-2.1433370644176533,0.4027788576654738,-1.264501855834177,0.6704160166009207,0.1476021420609502,0.7491101748611813,0.8754724016776717,0.5530347020924858,1.0849835991198598,-0.6159231097251392,-0.3397234164443736,1.278256601929015,0.7009872942808706,1.0138666132463108,-0.2110893785944427,1.7926067243636108,0.0872013977823941,-2.616303852992984,0.2246516934164153,-0.3230112635903449,1.0509692626426343,2.4586933164132416,-2.017224066032517,-0.2439305918863165,-1.5561572640853298,0.4401895392612107,-0.9617531791541368,-1.0480164943139811,1.474491117901937,-1.7199484434320529,-1.3241001269092816,0.3054662120486542,1.1992924318653937,-0.4842392454260773,2.055320663464422,-1.0536539745846336,-0.4185758087752249,0.4944406475031164,1.049767551836151,0.1253061166458208,0.2558309348585389,0.3083999722890196,-0.5491341087705828,1.6710030247736607,0.2441106372665277,0.3962117582062255,-0.3551498976224696,-0.0935944381840052,-2.2649747762586654,1.0030001642685966,0.6439621291235422,0.4209089586594728,-1.3690569721870658,0.948560215899506,1.0666188414081,0.7191832117776563,-0.2897128276017433,1.6645340089127596,0.1098736225793466,0.7689097069781622,0.4528290638773233,0.5709380443641769,-1.0801418428742455,0.0473569522342698,-1.204305031249201
112.0,25.0,0.0,0.2702525085555149,-0.5194631571441293,-1.8481464515696484,-1.4893696847552205,-0.2332691420961603,0.2823554151765057,-0.1294610960005116,0.5022937331037142,-0.5605484684873139,2.267420848282245,-0.9240358626892026,-1.1096429248470427,0.5611500664713213,-0.862685185173419,-1.1957804912718388,-0.0916656414673455,0.5608570264354831,0.0192132306100648,-0.8968901656641621,-0.9007120991008561,0.2330145502393389,0.9993166721266432,-1.8130993814948468,-0.6557264517985538,0.2108206379650996,-0.5037248926603914,0.4283814721311582,-0.2771225127653267,0.9331729752485344,0.5507579876458314,-0.7282237703830711,-0.2911852491478687,0.7481047323302248,0.090619267787717,0.2149488455754136,1.3645291213022976,0.3962282313499886,0.3329006053372663,0.6443241928564096,0.7165074818947493,-0.971200085321471,-1.3378633644143283,-0.6323812280983548,-1.2821800047913834,0.6020666355817359,0.6372253202887936,-1.443177916540557,-0.7760443672147741,1.5775194876836256,0.1347923995280506,-0.2006547606457233,0.1976666971144768,0.9230163809447982,0.4602460892291227,1.100095220611326,0.8255557569562679,-0.6704257288600763,0.9532305540235768,0.1596858562017286,-0.6525743537542349,1.226164499562009,1.07012728300669,-1.2691806956791738,-0.2720061760841424,1.0918363369171311,-0.6167619146640825,-1.3982705345626192,-0.7754305754313873,-0.2059286378263556,1.1764030847097884,1.3988231828138369,-1.7358642921404188,0.2849602949261621,2.908156345034029,-0.1402578670827496,-0.3977308779212365,0.3969356819197593,-2.2355251663246927,-0.6800547550907712,0.8725265598932288,-1.1890840024529228,-0.2530141289784134,0.0161793722333424,1.9247089717016668,-0.5157185710542318,1.526371238540644,-0.5220172028861618,-0.6289990212806131,1.1132886930571957,-0.4494127703499717,0.5691519680714142,-0.6242653922355256,0.9636728872866788,-0.2636990556445439,-2.0775095534246635,1.0270772384769948,0.0978481097272664,0.9797051146085346,-0.3794074046947094,-0.383492606558859
73.0,73.0,0.0,0.5449599467206789,-0.2436033364625601,-0.7120376401788596,-0.3176631587947603,-0.9074871057308194,1.3481460587374805,-1.2693829619972676,-0.6915224270691203,1.4757114729631486,1.6461117624871446,1.128845791725722,0.561895248146689,-1.4138044381868144,2.22161870345175,0.3167284791963435,-0.9611025456735685,-0.1102783507820338,-1.056477140514787,-0.3939563031776221,-0.3715812852213238,1.9805596408999044,1.0780843947953842,0.7253253210976975,-0.8141219103563673,0.8131421679781166,0.6615571376140043,-0.2691305368749014,0.8926884260971029,1.0282066963646848,-0.3550231062841277,-0.5103121771581495,0.2522491143633748,0.0686542882942407,0.8906927811158578,1.123774117832616,0.2493385205340265,0.7400185154690102,-0.51426065837246,0.4676913542830074,-0.2705143845645636,0.3160419656664885,-2.280260039763072,1.2120526524304915,-0.4243405522829488,0.9018892676143532,0.8615701382529405,-1.092007782631746,-1.2638737157899314,-1.283347518939682,-0.9067793178364888,-0.6443434020520684,1.841157827883694,-0.4586104697321255,0.1028005133197835,-0.9939968055306608,0.1688248275937193,-0.2442874521670168,-0.4040819626560857,1.5937792825740251,0.1151688873222818,0.5924160126114151,-1.2439119637372755,-0.234982734005833,0.5739665330089149,-0.8955093700407233,-1.707997812191978,0.0670718104761366,1.3816361322369295,0.0046839620640353,-0.7146246132953024,0.6621651601610347,-1.4094395977927596,-0.6170478924081094,-0.6800720391452348,1.7132244664305285,-0.655933345629909,-0.2569998963355929,-0.5559326826673935,0.5282469957332226,0.0479946906139796,-1.1003935359048442,-0.7434084126032399,0.5904238668401726,-1.2040486406657875,0.1923039457771226,0.0722767695798978,-0.5790584510447476,1.387199220260328,2.620020300862106,0.3334045511792437,-1.0027646834851112,0.3740547876429109,-1.4076638159129744,-1.165980436122649,-1.1132032903084697,0.816069307729904,0.504098336807632,0.3920435049721945,0.4170044579736636,-1.3982922189588274
132.0,174.0,0.0,0.958824064949482,-0.6756838091358547,0.3290144401688518,-0.2108275309533841,1.7004825481689383,0.9359093181754048,0.4505007940366639,0.7511179527249628,0.6246957674366296,0.6112468631076983,-0.426219896734194,-0.0963382196728327,0.2067425804443252,1.3021080991932683,0.1339807299966587,-0.8864084279720714,-1.1959450616847696,0.49559309629539,-0.4571917087096898,-0.15029697233685,0.8996108783196636,0.1490740405304394,1.6561280029377787,-0.2320393909691382,0.5637153413585455,0.59271502175597,0.3807838559252155,0.2209882449170426,0.861745262467251,0.5291252463016655,-2.4299611212272167,-0.3047460606388958,-0.5853390796068868,0.3169241866460208,-1.390812141824534,0.594123879884882,-2.8530472918011367,-0.7741299492279851,-0.6392353285639103,-2.651628703143369,0.0176815660419276,0.9386396872351443,0.8794298617598385,-0.2220491305194792,0.1321398606967345,-1.618324469168518,0.8670925534415763,-0.7562368071837126,1.211966719758689,0.4813416180909419,-1.3750032965236398,-1.2961214542638817,0.2602796091022351,1.8651731464966892,2.184064404067442,-1.468637233181345,0.4239044687108871,0.316120100923362,-1.2848002150448157,0.471896001399275,-0.0676850367680865,-0.5953924347085928,0.1775497210778008,-0.2241407308470864,-0.1614335281891478,-0.2698684777643612,-2.5810281113385694,-0.8798220746305041,-0.0683883672955598,-0.4528385666103027,0.7902003819699609,0.6278346502199437,1.9502307600945616,1.4987905321540047,-1.5179155898728711,1.6571286737550122,-1.115219428781422,0.2630712796984538,0.5378109829099583,-0.2250835282015206,-0.1257288527784432,-0.0860020224509994,0.1046670020996463,-0.3555552384176688,-1.5570476667235669,-0.8443543811231313,-0.177223318770124,0.9659102844078342,-1.103508739619785,0.1391678030232536,0.6268229676948369,-0.3379477050467971,-1.0455505812178572,-0.8285722297393905,1.6832662979509054,-0.1522602127394007,1.5509436277544515,-0.1692143286002792,1.557875247587889,0.1220710586225248
154.0,131.0,0.0,-0.5003329767430833,0.1582964777270261,-0.8913425894353387,1.3502604895809307,-2.622015734914014,-1.5209009569047756,-1.3354288256948987,0.0450222737165109,-1.1096198024068509,-0.450877074184268,-1.0774430643551884,-0.6192498003100049,0.2449571466471791,0.252603554093147,-0.7775267955484962,-0.8444859842937839,-1.2703692643613835,1.3189404203465809,-0.0060861666010391,-0.8159486305818396,-0.570442163951016,-1.146012654573469,0.6628920258413298,0.7520118536120608,1.6205598016000564,-1.1206372514323215,0.3111003284613799,-0.5721860589465668,-0.7212567601339871,-0.7628284162062594,-0.325226550814767,-0.3219015532822492,0.8734229957122879,0.5605272747252233,0.1755944105212214,0.1360058531595803,1.3918954540947706,0.0763007515289007,-1.7155537910620065,-0.6781202769338854,-1.0784460847117467,-2.01422468160838,2.8474746314754955,-1.121769059412941,-2.098361245080975,-0.6165399553469294,-0.0105251091994678,1.139086694723415,0.3377212632276725,1.7059772732524416,0.0513806133261816,-2.387116318090251,0.2066351738593893,-0.4926458361641321,0.1407396195500807,-0.4623363183227046,-1.204711633519394,-2.720219709462713,-1.092441737410378,-0.7267166507638488,-0.5734141988805569,1.0026300364215883,0.7290479510416302,-1.235030734284937,0.0184085464859425,0.1476137860214781,-2.052666774434093,0.7423337341147537,0.6105395268141055,-0.7485225935980733,0.2191078357824146,0.0955565100867421,-1.0460360386731642,-0.0951823579009432,1.4504952281184202,0.3004618244435281,1.6128608550129662,0.2169395520548728,0.5322832752965828,-2.239322424493252,-2.1042604957500326,0.527219783986782,0.4068497454094556,-0.936893520949863,0.4172852569706801,-0.0811970593267084,2.1075064037545603,-0.3824718220224049,-0.5780012215355758,0.4412809670779922,0.859240310384523,0.5074513289883038,-0.3578125015654382,-1.4241622881700355,-0.4350258940666551,-1.581620528075104,0.6965367428506212,-0.919620347917944,0.9911158430563866,-0.652792146279459
181.0,60.0,0.0,-0.6854921411715138,0.6813204852473576,-0.171295040027777,-1.1697539042360017,1.2814393960718886,-0.218172022897601,0.5858342904569158,1.2056792969457804,-1.345985256988855,-0.9459439846382208,0.2544056138353914,-0.9785194146697168,3.314950363152489,0.0994909457200845,-0.2060488324029067,0.4568586821028452,-1.2878311557494897,-1.055947963762232,-1.546329140945212,0.42816871472363,1.2699412307533282,-1.369954917622748,0.3995402073735664,0.787508818586705,-0.4096655318510764,0.75340980265011,-0.2921116784501704,0.8476385623747885,-1.1748120167316716,-1.5873637725687422,2.1825051431136133,-1.3810342484220188,-0.9876283609677045,0.414340201771764,0.4730680700540328,-0.873671992771511,0.9212901002827896,0.7097967004900212,2.282200465207591,0.9173427253515004,-1.5605019544217922,-0.5503177347773689,-0.5065980659063614,-0.5214018207750339,-1.217553311412818,-0.2128532944174206,-0.4166807345539633,-0.3213992672933601,-1.244906593781655,-0.513559006289455,1.3530791603621328,0.6551128090245237,1.0105135756946475,-0.4673350037191925,0.0877783595025054,0.9380859836739583,1.269483824704164,-0.1526261031113119,0.7878749840471493,-1.2790318334392552,-0.9136659892118064,0.916730079077574,-0.0404679616250714,-0.0427459371284317,0.9584754215186102,1.9653680420084352,-1.5002831731367408,0.2080072285351059,0.4356829678782361,-0.3102252089825424,0.8222697034695601,0.8642839398785637,2.068992017098381,-1.4069121976680683,-1.916099610348944,-0.0510553272025857,0.452664970614668,-0.1988163722750058,-1.9370437161104772,-1.4556281872677626,2.251087361380653,-1.0210950945046449,1.3383175634870434,2.357550580140632,-0.50607174462259,-0.9200027543973608,-1.7156780988098852,-0.6234713874374331,-0.1157911836666035,-0.5305329260222995,-1.539916120341863,2.295857392314693,-0.1889300575581752,0.3721931332421757,0.0154033704761491,0.1769922390747103,0.4577398065793546,0.2869506947247887,0.9351039547026724,-0.3462982564202175
146.0,54.0,0.0,-0.0408031027012973,-0.4196210696913631,-0.4169658707472751,0.3974046344701478,0.2136802559221481,0.0260265360003438,-0.2765646615256844,1.5933239015625078,-1.4493221178402926,0.6229389812326831,-0.1406785207080279,0.8225086099669127,1.1010996324343507,-0.3203035989728904,1.1894296776234905,-0.7331785571502512,0.8935611680602553,1.051112391504618,-0.3931307088435262,0.7804454154713529,1.4750477920097955,1.088843365022644,-0.6389152397849808,0.8112140041377846,-0.0006527924478641,0.9330485201551928,-0.3436260549399142,-0.5941662395299822,-1.8234790695437848,-2.433639276226756,-0.7267956799810842,-0.8312597134089249,-0.2623546731920423,1.21624878756888,1.016040672823033,-0.7883484254188535,1.129599086445649,0.4067835063289612,-0.2220609916950872,1.846592533139108,-0.1160890704977494,-2.1739902499398704,-0.1585992452826651,-0.9872368648905936,0.1409843205430518,-0.8533054262226261,1.5491007924070122,0.3141300418961729,-1.2119653701551298,1.178669998931971,1.3549653061545008,0.8200623432141427,-0.1614960528658118,0.8709374388551128,0.5951399781870318,-0.1961877561416829,1.0804178248009944,0.169934853709137,1.4889457116678253,-1.7252654245060657,0.3976383021665248,-0.7758619762555345,0.4488813756079481,2.214354114782132,0.65608531166113,0.0132814494608177,-1.1310156355948553,-0.6347107349822987,0.8956694333849021,-1.0353516890646337,1.9409591717097876,-0.0861012258617256,1.2174551640277516,-0.5230353135729283,-0.9565240057532012,-1.3105051967399295,0.5009977873075234,-0.8250893222309796,2.2592320829323262,0.5678941204855924,-1.2085245041348929,-0.1923206833749672,-0.799985631143105,0.4395684869493274,-0.0528708538889086,-1.5068625752934903,0.7398358616779732,0.1914154264520804,-1.4267945791479044,0.0705235630199571,0.1173889557264193,-0.4230278501991554,1.80203525170518,-0.0479533897075686,0.5943642341509197,0.0698100407406987,-0.0586882845237175,1.6298752056332546,-0.1161758427978608,0.9404656989143934
20.0,85.0,0.0,0.8481203029937766,0.3892097271584454,0.275952125457362,-0.1236823307461838,-0.2738743661290915,0.2486729291441253,0.8706005392342606,1.5914363132764793,0.8385251716927349,-0.3369194115053145,-0.6387926093921004,-1.0264166253117546,-0.2737475125469488,-0.605408085754034,0.1055513601303877,1.7456837265168872,1.4265982040278895,-0.3212517841396966,-1.5233314876413755,0.5675548288867724,1.245178778135808,-0.8825989407894524,1.7200889201588123,1.1709625714298129,-2.020091956898209,-0.8704794276795367,-0.6650210318137739,-0.0022540831491458,1.1454728276074913,1.1836124265659922,0.9471973213700106,1.4046396030187829,1.4830021675159657,1.469484649229268,1.2376321679634918,0.1700171605332105,-0.7160786317454155,-0.3143646982931017,0.7648300979510179,-1.350654515112599,-0.72255356288316,0.4600739990603655,0.7666757734016838,0.226932287590533,-1.0164683470893472,-0.0126390080430727,-2.5216318274977194,0.8082110676692864,1.389941768161825,0.0619742295302604,1.4428142182039518,-0.2357445389931776,-0.2532035125920925,-1.1616093976465771,0.2732341299420149,0.5267093987247703,0.4058270428093325,-1.368533932652154,1.4562208859889456,0.5698853857080234,2.184981119449386,0.8323410007556148,1.3528923643732198,0.9257927617580864,0.4638167660851466,0.8850906285993908,-0.9283673416491536,2.152459902419137,0.4030600197262981,-1.5854364397046077,-1.0694250732519344,0.3700309192808073,-0.1662804335071246,-0.2783429948775331,-2.018414247407716,0.5435602147674508,2.054300743597582,-1.1255555159143318,-0.23862780699417,-1.6132264690856328,-0.2654997870467437,1.027014958074946,1.4242447237022209,-0.7210734554802983,1.8391984868683808,-0.2205407859379319,0.4655312121519593,-1.4937370709258069,1.024104719574456,0.051754800706231,-0.0673792182427183,-0.2128065164448557,-0.3455469666570995,0.5299845668883321,-1.217566232437209,0.1671960730553018,-0.8022811164345204,0.1210654836119925,0.0305383558855093,0.0253059599343277
151.0,16.0,0.0,0.2750356360265207,-0.0869280295307671,-1.5314633697681412,0.9810986537016322,0.9408523803961172,0.1553236071422306,-1.569405079815757,-0.4845524685129543,0.202955532461456,1.5119176733404252,-0.2892023728100673,-0.8245012798464115,-1.344671274359397,-0.5065975717435007,-1.0910204378225363,-0.3001687225620782,1.9747832944361523,-1.2413455060516507,0.2726285243985975,0.1935253374073615,-0.0258210011856673,-0.0209594032933901,-0.0389107795283452,1.1190331936512243,0.914608806226959,-1.1952736848712329,0.7595891812020841,-1.1033131438735018,-1.3205074782976511,-0.9472455752378022,-0.7829341830239187,0.2395678919181571,0.289488150580187,0.1136840185655423,1.143053012928889,-1.1119434038357014,0.3936653587431901,-2.350961257580998,0.1179039259034265,-0.3477850369473306,1.2531176455856936,-0.9074956446529244,1.3447620561531766,0.9740324066048612,-0.3787162053741081,-0.9343234121687513,1.354150064595936,2.388537629385233,-0.1734442518797449,0.2936069525273002,0.9713734525521972,0.7041051807515638,-0.6886299139505836,1.3927941941324722,1.0898042951672695,-1.119549599974589,-0.2448122656762016,-0.3014839530054872,1.0119283990925565,0.4694294120534797,0.0753253163970509,0.1866330847037241,0.7862680852666136,0.9083628736227464,-0.4366620109493963,-0.6878576536998969,3.047727886223955,-0.6676507570913043,1.4415821577025374,0.2040619407826598,-0.6250458932450006,0.7355736977794499,0.6374440164748745,0.9995503992552854,-0.4910316950722783,-0.7932777332279419,0.6025600727676744,-1.4681476331782402,0.8979035514738156,2.0729116295260512,0.3474105758791096,0.3436373463816851,1.2194985416273445,0.2151893845635875,0.1583687062288838,1.7026800860676508,1.0691870529150596,2.3517611927919453,-0.011486444687341,-0.0429944982227883,0.0837387442151195,-1.0953618792041562,0.5228122387189044,-1.004511032136705,-0.958181472093367,-0.1589441993712561,-1.1342543154271103,1.5337959829682888,-0.5672991775232709,-0.4628051716414743
99.0,140.0,0.0,-0.2326454700245701,0.5991494506363557,-0.3187054908106609,0.5697445962931204,-0.0975411977550417,-0.8327414038118037,-1.3565381119619573,0.6333718640904421,-0.7554423246753135,-0.9192032623422672,3.1536149306877626,0.380247732584399,-0.4621912519875431,0.1470732682130948,0.6313476964484953,-0.504307388449633,-1.0403082151664396,-0.8408339662183038,-1.0079696092738788,0.6340788040649645,-3.051152186190233,-0.1049641937288136,-0.4889600180776188,0.9072797498349934,-1.0265380536461493,-2.105981050306177,-1.7127086457451743,-0.2610787751690921,0.2165358282331774,0.8626857318210085,1.5677565028145808,1.6883902868420684,-0.6511537981068107,-0.2254422391396446,-0.3511614685491077,0.0340064322629852,0.980711648997848,0.8725624745600538,-0.1948227080027676,0.1855719214101326,0.4180615070840525,-0.6727950990714995,0.3055639347548441,-1.6115186414387508,0.8380727025409754,0.5444151941740806,1.4779326947870417,0.1624008597406484,2.291454095235068,-0.7761012707759485,0.6406826526209848,1.9290451607120884,0.554345129423659,-0.3167443600311696,0.726505905864141,-1.6396306798627514,-1.3700193333746016,0.3189745690702538,0.8028412211980669,0.4050470027599224,-1.6371699714776953,-0.0221262995744835,-2.0588439152659865,-1.2579976304507496,1.364089959592056,-1.2662563397905051,0.5225697764116859,-0.6741539746544669,1.0811254497957317,-1.4976357766800596,-2.3001649543889013,-0.3888965904241732,-1.507512018895904,0.0397824546730314,0.7632689800277986,0.4647634417710111,0.5770958219285951,0.1157237827757179,0.4242558176144355,1.1399709450780138,-0.6359840262013099,0.9009009325146324,-0.6421279021488088,-1.3286487676247354,1.8833625126380684,0.8910682895528153,0.9016110151874536,-0.6507804734320417,1.9989126148021343,-0.0331090784032522,-0.8606867354853782,0.2668723388823674,2.093088241922255,0.7453307479746923,-0.0902756656671555,-0.0407381655543059,-0.4805141317419202,0.3258797131351179,0.937153853598524,-0.3628831242921721
99.0,180.0,0.0,1.1587045104187703,0.9387494611017446,0.0859836042610344,2.05452619024532,0.0246116364562047,1.6315377754510685,-0.24155862442735,1.7755002435613287,-1.230074254100173,-1.8695301778088889,0.6475246723146075,0.2638236716373834,0.3141728346110284,-0.1462803009353604,0.9252098581072792,0.4876495660451593,-1.286317260894293,2.0454946252520654,0.2850805707444596,0.6441605163814627,0.2668010479748286,2.4679820199490865,-1.0040488581763898,-0.7316679190559271,1.2814454433205804,-0.4209115972717921,-0.0321797386175001,1.368358400201732,0.6294620300803235,-0.3107107181244691,-3.06139202072896,0.1092231282532953,0.8818310029849182,-0.7745650478909747,1.6630897018655606,-0.8258738696191448,-0.7465061596058181,0.0285777711516145,-0.4160271540471249,0.1749019591060684,-0.4442357880808425,0.6903268741554844,-0.3929543918445193,0.9746301126421604,1.3839820348351402,-2.382021371833876,-1.4983119958373792,1.4512285785443155,-0.2251204060788475,0.5927353059416207,0.21468211969836,-0.9553897853463936,0.6202670916766275,2.982001312310365,-1.0423135358480122,-1.7124968740969615,0.9464211828460138,-0.4377412922758485,-0.3108360867856209,0.532810294057658,-0.342474613582343,0.6178015332755339,0.3361507741713323,-0.1891806739239559,0.7203858085562403,-0.4636888675075293,0.0555641601145364,-0.2580009802529528,-0.9480144300379416,-0.6925800875079333,-1.2524035441596495,-1.7738722161123288,1.8231658787832277,0.9841743589895644,-1.724370358818415,0.600635715614386,0.6963960042635836,-0.870489132295164,-0.6127577771314523,0.6292835845224911,0.2452914344811281,0.2670845178476312,0.1058401099417504,-0.3418925171846096,-0.1197455935777042,0.4646012027197927,0.0600680247038902,-0.7441244261969019,-0.1210197738510881,-1.038622427496075,0.0675088138922503,-0.8882385940172788,-1.435143934057197,-1.504029767670904,-0.8190097405813582,-0.0066974671076623,1.6921849373754387,-0.388721932639764,0.8613096275677614,-0.5165379237016692
171.0,130.0,0.0,-0.5027121289877792,-0.3397057394915304,-0.8663179675459112,2.0939274545473863,0.5388013070618402,-0.4831242555193239,-0.549823599789242,-0.4461190888078549,-2.3058148177641264,-2.354207304571582,-0.1286383466985228,-0.5809511995329825,-1.1041283033339488,-2.059209703405785,0.0247338513608313,-0.0818015840919533,-1.2294090282313983,0.83533167674454,-0.2508676912982948,-0.0536560994332998,-1.4229395584320974,-2.1114721589998595,-0.1847838747326168,-0.0256062654827775,-0.8625753147900894,-1.400083089152654,-0.6186903006967425,-0.6270888845102724,-0.4746674380990532,-0.8749274039905284,-1.2692835003206415,0.1244753163418652,-0.0707710587482959,0.4014117638086144,0.3150119863257939,0.700721773693177,0.63797667188159,-0.6645793793314339,-1.5542279364714098,0.3189415324581311,-0.6835597362006568,-1.7613736523320478,2.5679479914202683,0.4089765515300751,-0.6608648080380777,0.4369445446903461,1.6028779575764158,-0.9015290201112054,1.1791591424983925,2.0334195781192244,0.3609785688008433,-1.946627408989421,0.5326531737453498,-0.3033519144609176,0.2257958942914681,-0.7685038181090507,-0.5103277637787924,-1.3588866023820665,-1.2607274444188965,0.2247980652166326,1.1239198594737536,0.0814538167987727,0.2732434244672186,-1.7250685976334914,0.5141515629722037,1.0755615141305663,-0.779968421900593,0.8714973948691049,0.8812540337840914,-1.2488306801220146,-0.2241049198305613,1.1196469368939208,-1.237484067880385,-0.3168383146587523,1.1679912270800992,-0.8515758068572752,0.4692766192957133,-0.2242909440719895,-1.4976127457710615,-1.357951207588239,-0.9589441779705984,-0.614644796057868,-0.5161903545890203,-0.5864413207424226,0.5282236504380603,-0.2343500962149816,1.9694294306491067,0.3643745763459703,-1.2092861821956569,0.9046151650072932,1.8496673456674688,0.2656129568615454,0.7808153511480556,-2.106250633527313,0.1190577036538095,-0.4335159501697132,0.8078382282247916,0.2038929768222065,0.5756050415069032,-0.1387151349328176
91.0,143.0,0.0,-0.7294354062021838,-1.3255153697654496,-0.7241837582947108,0.6027856602788493,-0.326409188874468,0.0792609852166747,-0.569666966991404,-0.1328601418454215,-0.772851269023972,-1.2585648474131403,2.386303149127544,1.0227722885179509,-0.6217568191003737,-0.391241986781134,0.0844359127631684,-1.0838032003287443,-0.9816630066640128,0.2260068492127834,-0.4354496196415408,1.3015960874333066,-1.61021022615015,0.2352343984979858,0.0217863348294109,1.463391476429186,-0.0954743058377941,-2.073817633699873,-2.253623550355099,-1.2126439389459744,-0.5294501967924305,2.11792138198415,1.8860588415252708,2.215643542220508,-1.963074594716952,-0.5275689222142229,0.1654023897124954,-0.2539820236881677,1.515683261072609,-0.1256872842078339,1.3534268828858111,0.3029943619704788,0.4407418769030964,-0.7717748143824181,0.3221640901933841,-1.5485938796645151,1.07869947425898,-0.103527965794697,-0.6584666960150811,-0.0583054318919487,2.341184603326345,-1.4786549954449082,-0.0918656764650437,2.059825653818689,0.5732139551113127,0.2270030092351085,1.4859589995594022,-1.5950970176796242,-1.5574486433058068,0.2099753379608155,0.2046068781855402,-0.0688742774716873,-1.0681350441066697,0.4049768598946436,-1.916553769416103,-1.0443124075813377,0.6659801612888501,-0.9271500339817672,0.2987022908593716,-0.726514185275958,0.1039795215039606,-2.0241851082309656,-0.9927418954633688,-0.1686037298026497,-1.4140808462859094,-0.0978173472171888,1.814631582727299,-0.5458402431981588,0.3431475080537526,-1.174371073278297,0.2104909205882597,0.3493767504289032,-0.1819330731795743,-1.286762777782149,-0.4485626675587271,-1.7164993619879394,1.0760523017232606,-0.1896846056223313,-0.8723999294824236,-1.260808398476609,2.5380458057904898,0.0417033424995406,-0.0536383288442392,0.5323643133030088,1.311321170075153,0.8200928592976664,-0.1241485586441988,-0.0955402334404499,-0.6570605730129613,1.0195914819160157,0.0418044431565901,-0.7779062179428904
169.0,155.0,0.0,1.864269612013332,-0.2773923630226387,0.6620736762577972,-1.4972253416200487,1.7557485145850498,-0.097974478734782,-2.472681230739566,-0.1021030728899525,0.7308693976147459,-1.620285034401467,1.8495100550071648,-0.646352651332453,0.980849897042264,0.6806213807853283,-0.8198269036596888,1.0597710884568583,-1.101064230515719,2.312515469936071,-2.0413089393976973,2.5816469051609365,1.5516753680822089,1.0797508836293015,-1.5031989579306229,-0.3157188495686991,0.5055367939114941,-0.0022253754360744,-0.8131997902093553,-0.1810888838345086,0.1786860023232457,-0.8992812044907164,-2.260542203468555,0.6147615904464407,-1.903841580939779,0.6933524492648878,-2.400655017681795,0.0229570662783555,-0.320490385620013,0.235617054735591,-0.3704864496254034,-0.5155575230865486,-0.9018981154542424,-0.9391963665825004,-1.7384435632138215,-0.8037460514999987,0.306319196936516,0.4582217746560031,-0.2611160689251616,-0.154297511654527,0.3446301724436656,-0.1117952061973731,-1.4947908623636956,0.9380876682478712,0.0041055025089674,0.7058023818494645,1.2253545713655485,-1.1002606579095269,-0.1202021352289627,0.8214746014353336,0.5500435394764736,0.6019092234417918,0.6274980153649801,0.3266813749979312,2.4205544227872497,-0.4153109468981957,-0.0723357268577501,-0.6388117390705674,-0.571505261618271,0.5262484778654642,1.6591626953911889,0.0631537916180576,0.4353728819756373,-2.0158002106462645,0.0100202367719718,-0.0507500043757503,0.2239433211497589,1.1861589299119697,1.492008061892959,-1.9120699360434052,1.2770106496137008,0.0277348161667907,-0.396306232672423,0.7184142182512615,1.1380876827949864,-0.2782400506317487,-0.6360114426904886,-0.4696747806076867,-0.0938721076768213,0.5219080345992152,0.6148875225295072,1.0893820873615123,0.1899046970351427,0.7049027182241476,1.5525321120720483,1.0639448082355485,-0.3673033527924216,1.4345804249335177,-0.467298680555984,-0.7942850668254129,-0.0719936414924394,2.230315670536977
169.0,92.0,0.0,0.5998146052328154,1.047648551217194,-0.0211805906105773,0.5043610030689062,-1.613748308735578,0.5638884764110894,0.709363326537251,-0.107373619121291,1.0529435252639556,-0.341597997603432,-0.985741061363713,-1.0594487866798468,0.8952401772308406,0.7754802230341545,-0.9503714633820723,-0.2423403655077297,0.8949730746018374,1.344201344384332,3.513575449015059,0.6462365952373895,0.9590305815561276,-1.013711841970985,1.6871060424428728,-0.1853099922473241,0.0465145697530138,0.2509660650596732,-0.0284064955033185,-1.2875272690586437,-0.6190909775861964,0.1076643885248523,1.03401588493691,0.4768086810944256,-0.7283037088546405,0.2760449058706722,-0.1569788847827055,-0.3703672685249877,0.3761832879749713,-1.8071834846369117,-0.9949616167361116,-0.7139368647365285,0.3248064154986694,0.4245567326957044,-0.6812442149595171,0.6969220770107731,0.9618653870974648,1.4925644073540192,1.6678931442799865,-0.4564653082163288,-0.0013517302958227,-1.3596646012592366,-0.3879404791067198,0.7120364395174679,1.0845776693775813,-0.6992614075176684,0.2832429066764721,1.6341587107037732,-0.2766346090667671,0.4315121550985987,-0.3959571182393213,-0.6550537434263127,1.1685339266402344,2.246393331242881,-0.6938110174931005,-3.212732450242551,0.1365771060546158,-0.579837436800619,0.3537320703110434,0.6393241086439684,-0.2643883883319162,1.7978975961262529,0.9523454635149636,0.7141086744662412,-0.1087681493898129,-1.6171007384424496,0.8544472769510629,-0.8768406728903326,-0.3293589187541113,0.8947652646361609,0.1999205373954024,1.2360680331068206,0.0947614681740753,-1.4930286364669956,-0.9888459961828172,0.5036930385007508,-0.1242632559498091,-0.5369536235450665,1.0539733905327906,0.4153332118806325,2.843361011858261,0.4045220943811041,0.9431728582914528,-0.1619346831472298,-0.2146720328472612,-1.7826151978671951,-0.0776092952998354,1.044315591200865,-0.6107117999756706,0.7345801006323561,-1.6397641231608522,-0.5203003171843871
51.0,125.0,0.0,0.6232813635929059,-0.0198431885189687,-0.2830074046833064,0.120298650796562,-1.6157472767645586,0.3609742265187904,-1.15139907120091,1.40564580617333,-2.126978816325096,-0.6823800839829746,-1.5943172282621456,0.5308066290951965,0.4481348649550444,-0.4050911947915318,0.9738686934110689,-0.5380900869869213,-0.0055176802235673,0.7148161786433512,-0.7650100182538807,0.3734441899754235,0.8129222504545828,0.2013926746840787,-0.0843028384878151,-1.0070187068206529,0.1427528664359738,1.4894005083030597,1.2798511052327377,-0.4251231627364679,0.109819337726374,1.429630780365572,-0.9672148604983898,-1.1396572384952837,-1.9588756735910915,-0.7164264664763248,-0.1374905010999004,-1.6804226290733784,-0.8399635769310448,0.9353721005338628,0.6314101646426988,-0.6200001353207452,1.7454768853545424,-0.7207333865381456,-1.3828782784835003,0.7446280824957241,-0.1325884898703816,0.5219484015881897,-1.0913914756234817,-0.9248922122366944,2.3742956018541097,-2.7629023563482407,-0.5526964503869728,0.5311507480083864,-0.1625423954461832,-1.3884720368955363,-0.9706298123486116,-1.3127942572134887,0.935040675585918,0.4637223741569621,-0.2665536453095261,0.6484569318532356,0.1027698142402822,-0.4011941622257449,-0.1825808474463252,0.8018312058016694,-0.8583055514460929,1.1427049105256928,2.278317067367412,-2.11480853159562,0.5191287404083865,0.2736118539330949,0.4480010959995922,1.7015720259845604,-0.1056864821194098,-1.4742874762465537,-0.0648733305718726,0.2794295225945024,-0.7947996039911321,0.619007742989963,1.569390087408406,-1.8545419422695568,0.8441382897478564,-0.4001354640470337,-1.734570033897633,1.5736620751611654,0.4625161169654176,0.9923003653927962,-0.5998523920748431,1.5273059490093182,0.6814352619497286,-2.6053477721979226,-0.5333443027350855,-1.6382854920687515,-0.0195881054953441,1.1577116662118745,-0.8387355966339858,-0.3012535608272114,-0.8085421207783732,1.3039819975698828,-1.27690451962482,2.0689509989804264
113.0,149.0,0.0,-0.2036543299666294,-0.0472425039090741,0.8745363884720865,-0.1288930726443565,0.917453662096185,-0.8226406158086011,-0.5016687112303008,0.445716087370325,-1.882928483206431,-2.07906918599297,0.4041415401383128,1.373563624137613,-0.535600661471997,0.8858118960130517,-0.4534931802904944,-0.1679381978895249,-0.5924958385288142,-0.027560205725806,-0.0178881528763794,-0.8463487477831414,-0.8714823989782923,-1.2283558596683068,-0.0587641041166118,2.7651997091511955,0.5871200470738324,-1.4790899356009082,-1.0123346910267703,-0.8321310507058638,-0.9707161317301588,0.458948980219411,0.9509474333255188,1.9229080422657328,-1.9866367755381489,-0.4419933283274262,-1.5192913395831522,0.1717952451099726,1.7754459115484098,-0.4638723198660468,-0.3662950088859202,0.3266620796337473,0.1379616067610993,0.128728821342979,0.3067620840956841,-1.4221639553497556,-0.7699414690986538,-0.7864580176541326,-0.2745653098119464,1.8694605857748343,0.2011460510110454,-1.0760900782582543,0.2955642805918573,0.6816753620529118,0.0991520116979726,0.546859684383395,-0.44270149347715,0.1420147803437684,-0.914790637421688,0.86843449482201,1.2486411493734249,0.8129641727629431,-1.848660799894523,0.9218133656339792,-1.40899600350821,-0.540133810913724,0.659807531942016,0.34875844288155,1.5067117814496036,-0.3413009660824682,0.3740640983570438,-0.5749984134146668,-0.671133328336841,-0.461244273079588,-1.026656687330669,0.2280711461415374,2.7354199731053885,0.5495188049370202,-0.6312233760105961,0.6403462742220672,0.3406516370122697,-1.6884020452625697,-0.5031135555519487,-2.0317567322774632,-0.5098558235077877,-1.0700294010776918,-0.9019464148865488,-0.2661070293017509,-0.0533123674129255,0.3379951765368111,1.6926310250468983,0.7524035294148351,-0.5812200484264569,-1.1856599315976086,0.5423463441007315,-0.9696462112681392,-0.3569233376739157,-1.1860182792177785,0.1591299478847491,-0.1694490362275043,0.155857540155387,-0.7540019444709807
113.0,22.0,0.0,1.1573356463604412,-0.4692772573066657,-2.010080861790995,-1.400916418810532,-0.6393528700300706,0.2607828069669052,-0.3275378868228099,0.7597497820808463,0.0333394817795802,2.824065257664817,-2.0026417483620413,-0.8292737825922144,-0.4187378705999403,-0.5493895876371797,-0.8029906560873747,-0.6559032081021644,1.496587821894629,0.0604249204510057,-0.8713691246885505,-1.903464368481294,0.4314311812583253,-1.3121669055773082,-1.523707822133434,-0.9354507448780548,-0.4310056650261021,-0.572807206660875,0.8205721096526012,-0.565519043013234,0.9460009646085616,0.9326465385058822,-0.9052965785566348,-0.0898090775288784,2.13976999387916,0.3481360414595538,-0.5447950267539419,0.7606088564824969,-0.0863396488478246,0.5497174561224891,0.7622341462248724,0.6264584148230798,-0.5598562631584305,-0.5940236153978462,-0.3329263600251245,-1.2874727907779897,1.0540857798584056,1.5551052404779186,-0.8808119742355026,0.3481094882993802,2.9073081309660505,0.1256897512286537,-0.9317817491791514,0.3674045981185078,1.024711138424045,0.3046932610103706,0.218713662249189,0.2881683490683653,-1.2058514061818026,1.411747631653312,-0.0900600959018194,-0.22823576880611,1.0355582744325855,1.3484629755330142,-0.6768559721182624,-0.0870508381696919,2.474671897326654,-0.2421953373481671,-0.2663898965132268,-1.1298408784291183,-0.7804122767184702,1.6465161596751317,1.100305901067982,-0.8906280536371001,0.3782499960590794,2.0164382110947523,-1.3746953398286244,-0.1060794561668103,-0.0043804482260751,-1.799435247107289,-0.0795658762165275,0.6650577325876661,-0.4191700945348147,0.7347148909021219,-0.2217798036079832,1.672095620965832,-1.328226957547185,0.7045004674922672,0.43703319577661,0.1342239198579962,1.9029876071250904,-0.4981686108875057,0.5256948413739002,-0.168560915119278,0.5748282733144234,-0.2880964900853298,-1.1379518781283318,-0.5634412911402027,-0.021821302890409,0.2195407816177617,-0.5725698740050733,-0.6393473843833286
94.0,61.0,0.0,-1.1867710816104826,0.1064754773156551,-1.30798175726722,-0.5711744307558535,0.7930017022390937,1.8281627276080767,-2.5451016841558443,-0.0423591928073273,2.5359436492859504,0.4365411481289317,1.072863600150813,0.3352739691176382,-0.981317589734814,-1.1339056419739195,-0.8611203632602609,-2.2284861766552484,0.7779756539443254,-1.9201968273582168,0.8229148695372344,0.7771783483501632,1.6413588711219522,-1.0049343235651638,-1.901310523481852,1.0576420208960202,-2.23510107148088,0.445622267060751,0.1198013812379088,1.3331648162118277,0.7797741249905121,0.7684498060851612,-2.3198877926066013,-0.4137116722531402,1.0131809914863237,0.3126553245411451,0.0500547614813263,1.0892411424386887,0.4310547401008888,0.4317760052996701,-0.5758239943398544,0.5272087525998274,-0.5002655429054497,-0.3966094228609278,-0.3526542577590571,0.5856161178349273,-0.1699255289757368,1.2119979522748865,0.5702093576445526,-0.341122077573236,-0.4739872743278646,0.8157145604504692,1.3444251494841004,1.574954006602391,1.4758677912586011,0.8156606026200761,0.2544809268370495,0.4707716619871103,-0.0563023168705415,0.1184806845888198,1.4726918595700833,1.4210702247024578,-1.356384462795625,-0.2007594374578071,-1.46732674082689,-0.9965221444932691,-0.1237354339442061,0.4100052027303463,-0.3744496086240413,1.4353298376928,-0.8560255715673234,0.3443219328329894,0.8542782094799394,0.049985383166179,-0.6046581823780284,-0.3578997886804174,-0.2812264245580713,-1.2617365487538017,-1.012920263076031,-0.3216244586153746,0.9182421010122268,0.3299234022808662,-0.316603297659337,-0.0317224037207466,-1.0728623471726426,-0.7730685342320628,0.3460204019404823,0.4883851057672555,-2.706776046778609,0.1593068893758678,3.77200280396572,1.4739947991447682,0.0846899459031905,1.2993836762375452,-0.2265901267992827,-0.370764952018747,-2.19091005259442,-0.207902573590573,1.0215988482603162,-0.6622605066589968,-0.0947807405439201,0.1163109969156473
190.0,77.0,0.0,-0.6093638066955432,0.1210212118154072,0.8789430236924127,-0.4794379892463274,0.7822806950605048,1.2686690276997057,-0.5524648776740896,1.983394884371314,-0.562858546554277,-2.594009097846544,-1.2961563407380383,-2.177221824042088,1.6638078132720564,0.0030039803448391,0.3351613720319416,-0.4692351943383631,-0.2116940805538988,0.368072239511129,1.310936870085357,-1.6238388786420228,1.2707227629459583,-0.7152616042865871,-0.2404834174329843,0.6050378762309666,2.28248534582215,0.0358448819732953,2.053610057530129,1.565383176180314,0.4709065961582607,-1.8727898477759253,0.9132415424229466,-1.5316947671318213,-0.6311338312524619,0.8445733458725364,-0.9994443745944924,-0.232059129546557,0.3183933986994819,-0.6743708598567253,-0.4213775337101259,-1.608002055948505,1.0404319039958208,0.7242375389722473,0.2818716547894861,0.8482183829709287,-0.3237429704126143,0.0675454671718344,1.0974080241257893,2.3838460630945293,1.258911879456449,-1.0379317528432104,-0.1928387732781736,0.0325086512307449,0.2725589928117507,-0.06779617671581,0.6524513432837626,2.5239934107915354,-0.7863371605552987,-0.2340811262191442,0.2493389063870016,-0.0597490126663738,-0.0569104635310516,0.9694779890276376,-1.8858865501258488,-2.582132537023333,-1.0140598312204865,1.6540053889167785,-0.0106431838253004,0.6057895364189521,-0.2287020016447633,-0.1745376419683759,0.1726087646938134,1.790538699449667,1.0685572502677263,-0.383706342886732,1.299555389845473,-0.1688549995288814,-1.026666136993794,1.528745643226063,-1.0319982836590325,-0.46840131087644,-0.0795754750809091,0.115940671299026,-0.5732096645426605,1.2119815361465949,-0.9912297912760432,-2.383652111333824,1.4024135437281282,-0.7486478134455739,-0.2562477453006713,-0.9983797093686058,-0.2302826944145407,1.2313554592328069,-1.853306313973681,1.6530428543621238,-0.5076941147844912,2.8530466941296333,-0.930816804397194,0.4584861296731297,0.685484063871425,-0.9471867456488504
82.0,194.0,0.0,-1.0010939250389077,-0.1730043020692185,0.0527028728287768,1.7364363750802654,1.8787457827912368,1.1418903074044182,-0.2359185218681364,-1.1562981734887492,-0.7132008908291654,-0.5246860796686538,0.6779156066447913,-1.483688803462846,0.8175380314513915,-0.4050267515870642,0.029146568746667,1.408122477939706,-0.696647408454272,-0.0828739758427,-0.4496942420955259,-0.0042072321377803,0.1894942633697784,-0.0292222056247246,0.3546336526095749,0.3472076074464286,-1.3687865514654942,-0.1858444635365484,0.1060976302991704,0.0509583010464261,-0.5807797570646577,-0.756914028411671,-0.4553146495977958,0.6616562058251091,-0.207722087619163,0.9219519285000984,-0.6980917092243986,-0.4887636500639741,0.1105237958987935,1.2487175313465353,0.0784154080475422,1.5072863050833178,0.7915707346257913,0.6888323820660334,0.7876669579988711,-1.1534755896512308,1.1487368641395856,-0.764321424432574,-0.9983583702950944,0.3004875142836614,-0.922488686916672,1.7676538835649995,-0.0957932660030515,-2.5761880029700914,-1.0530850987846874,1.629025926659839,-0.670564079521417,-2.1858380277741465,1.220602363267939,-0.025525334312837,0.164530154221364,0.234511498951273,0.8944053219623149,1.6116700704957434,0.7252566429749541,-0.7948382229874209,-0.4253596593842417,-0.1214207702441535,-0.5127161480345467,-0.4667940628273554,1.0775789091215404,0.9671380611390364,-1.419736140833717,-1.1672465354920696,-0.4485736338834565,-1.0277436200119603,0.4371018363839231,0.0343975577898572,-0.994869003286536,-1.0249258121252902,1.3479109264054991,-0.6653563702361609,2.567061452640276,-0.0308153200491117,0.0481207837257149,-0.6056578300027984,0.2706797440355022,-1.0588144430626556,-0.5831031736839606,0.99051050976203,0.8538924429127834,-1.363155943644626,-0.0090426196781014,0.3968767794827742,0.314573053525339,-0.6926704814625789,-1.3934265844576186,1.3757581487105022,0.4288968322905113,-0.2482033024221703,-0.0112346458305038,-0.5715275784235835
158.0,53.0,0.0,-0.1606549137132636,0.2748895317763671,-0.7123927534661431,0.0107482630126821,0.9796164800335614,-0.5023962716318444,0.7629771855971111,0.0860884991713332,-1.8432867326787767,-0.1997316173068735,0.6326210176352801,1.6941736263648943,1.0182845524101611,0.0029032103810132,0.6305743096734483,0.1017308531273928,0.9278949853884528,-0.3577272362857497,-1.6134750116851504,0.4793208282042031,-0.0569576100922453,0.2652487610341328,-0.2138371431830403,-0.0247073478733244,0.5383405448185055,0.1553823297411935,-0.6151767227220611,-1.6688552381105954,-3.1399984524164943,-2.263302726731144,0.2531081819309645,-1.0726661657651355,-1.9442447111868848,1.4874405953539402,0.2944129964061795,-0.8987749490793822,0.8323360608137556,-0.2661441668762433,0.7072028868179949,1.2805404147773622,-0.846759241008965,-1.2513513965001517,-0.0517752784747775,-1.0137516650102758,-0.3364568833532454,-0.4046402588997189,1.1512014381195912,-0.5359233716848522,-1.4792411849253593,1.87043174681695,0.8090142696735912,2.112143401567566,1.2481951202372503,0.7935364700181216,0.511152725039542,0.6375157898809083,1.1396078475620706,1.1375901965774675,1.63146551687742,-1.086868108882439,1.0844533886486574,-1.4948473475250283,0.2876680025875929,0.7851317550206802,0.8844348379642217,-0.271702790702264,-0.6716226238016215,-0.2691533523708442,-0.3840811002519418,-1.232384660206402,1.72859705316532,0.3243951857793568,0.6802819297949702,-1.0632027576785934,-0.425419243301649,-1.3035206524508751,0.0375861407096897,-1.0540973670071054,1.3119765395277,-1.0906860855019616,-0.2358326918794551,-0.159148803974455,0.3436217422713986,-0.0919012708787128,-0.5551042873105058,-0.6471670683431531,-0.4673648503379933,0.7011784112210366,0.1549763827477259,-0.3942202401463542,-1.1721236582491354,0.8512994688830653,0.7634777950952978,0.7347315431013854,1.4171976344078732,-0.2497944403426931,-0.0528442300806293,0.4119276117077038,-0.6741109947420663,1.2375451205216152
134.0,83.0,0.0,-1.774950666888801,0.6809900159022848,-1.097797677792712,-0.3054600803668497,1.232915852029516,1.4115086886092731,-0.4538171824241413,0.0034115213137356,0.8199424059990756,-1.08543268401257,0.4056335158678061,-0.3464385071687075,-0.8277479331831731,0.6384677198026045,0.677275740173763,-0.5073360320543733,1.5651889201364186,1.905159559123896,0.5461726694724277,1.3553106117136289,-0.6318822698566173,0.3075705420968748,0.560515792514397,-0.0829306624699185,-1.4725171788008573,0.985070010177063,-0.6661519770111712,-1.7372747823230963,-0.1486351292378626,1.1602214562471074,-0.1902932350857074,1.4813516555937456,-0.4874881159120274,-0.5372276692556884,-0.1193132745812265,0.7946538934784765,-0.7175215604187706,-0.7814778374078616,-0.867325194985235,-0.5156044583597251,0.3899805877536371,-0.1147221398853165,0.8092216640226106,0.3436409012632317,2.0387859909821766,-0.1999496042164305,3.3230851909624066,-0.5027398505015405,1.693168841140224,0.1139302129347577,0.6462207345533433,0.7079365127739065,0.0645107483747218,0.4226098943788057,2.386081091938145,1.1062806091689543,-0.7733312839153953,0.8709030135906517,0.5479254389556532,-2.348824185124888,0.2651308338404511,2.9162178496854105,0.4113832274580982,-1.4847640882101072,-1.8362324547918984,0.926936534996444,-0.9535054932172804,-0.2908646826290679,-1.2283229504603403,1.5446330088605025,2.500523443364665,0.8293575859059719,-1.1342764592282206,-0.7826943189317451,1.5332789402887577,1.0876146253662249,1.6665054199265985,1.0177703697465077,-0.3837937505840336,-0.7285648418027899,-1.3163916725315437,-0.4398155567074449,-0.7796594255306362,-0.4412795024296762,0.5958877037672392,1.1189523327949331,-1.5883373816310793,0.2174768246939348,0.9531231509896592,1.2313174024606648,-0.9167986902704574,-0.5778844131548752,0.2103827916915223,0.4712974756208596,-0.4916016638113122,-1.083495098272402,0.5879749253295178,-0.0573476367138477,0.4227700902968353,0.4878703866148883
29.0,140.0,0.0,0.9570801507013312,-0.3339613491513209,-1.0550693672494569,0.4898186311354949,-0.0285403018220693,1.084547648069428,-0.9939718494943162,-1.1261592193718564,1.2969004885791229,0.0418462840090727,0.1127704901508259,2.23170575524367,-0.5247476638649178,-0.9776101089969832,-0.9615246871823196,1.1977408506991836,-0.1833143955132094,0.4478986688333655,-1.1272754255938089,-1.5045006827173857,0.1139338453459231,1.462077903251596,0.8838332450157846,0.8606388400496969,-0.652282933356219,1.8796735292654612,0.6397253646883677,-1.3219740228731998,1.006422192262082,1.6700196865434669,-1.2476405709365437,-0.4414256794459478,0.0304252882549865,-1.247967844030651,-0.5317121691915734,0.1746382213630655,-0.3723665326789517,-0.0984841282933124,-0.4237704539003845,-0.995250860339178,-0.0466415268703429,-0.3693200150080629,-0.5401047237719627,-2.055636529576569,0.2095391071439597,-0.4570724990496858,-0.5270442512707294,-0.1862638315051009,-1.2974731561607675,-1.0971922934131018,-0.0455247254600191,-0.7465634945249011,-0.3739478328057683,0.4324307225059244,-0.5356626350462812,-1.52817136282578,0.974965462630911,-0.8983965756604041,-1.1559611094208024,0.0109027735093524,-1.1097998452726991,-0.4472779106414936,0.3595751261818464,-0.3869489089909676,-0.5754331269210662,-1.4279676273533777,-1.0821149114171646,-2.3785543571289867,-0.6722065727580373,0.0511087128006791,-0.3262529242756555,0.9856774771522973,0.1888787535300911,-0.4775551357526108,0.0981221474569974,-0.0917334561187934,0.6055491609013774,-0.1060936583901116,0.2405817737863229,-1.9198500426708376,1.5057703913871012,-0.8516446003226075,-1.0006214618611793,1.2593402735344443,0.2703959536481806,0.861521548277564,-1.2095814160773242,0.5277270752436432,-0.0142448642601372,0.2778071901175528,-0.9036256001094354,-1.331900340653598,1.1116478909833225,1.6485442402752135,0.2950433721337259,0.3462378151160896,1.0385296451078747,-0.3837915197824861,-0.1575973115973474,-0.1367715208792336
108.0,159.0,0.0,0.7238806386184875,-0.577271909439011,1.032893309610864,0.1131281728932004,0.3502991430455909,0.1061257087712256,-0.1993993232008701,-0.2958128027466358,-0.8229435259155276,-1.5124386286571194,1.1823786683385942,-0.4008370535450788,-0.1872594712994816,1.8039649399173832,0.3187234997066377,-0.0189921705745181,-1.167724573431117,-0.2854707204804141,-1.2811071658387758,-1.1201911571169778,0.8655113699839694,0.3078957104601476,-0.4785846171897237,0.3627371663428445,0.4247334725657557,-0.7266299697092444,0.0994714573346742,-2.05921451850566,0.5466892182463641,0.608673222346305,0.7005268176367949,1.9251197174824437,-1.6529966761480386,-0.1760690618448278,-1.0379742201344644,-0.9970314271362531,-0.1132109376418004,-0.2389791203197298,-0.9346912462704422,-0.0415529982072256,-1.2978835902789536,0.6105601439325822,0.928013576716144,-0.9403817361433048,-1.3650705071778326,-2.201297087287524,0.4113566133168977,0.5480479224242119,0.2056639478733568,0.3758203054826001,-0.4800717386672309,-0.9940237016483776,-0.5598894513757757,-0.733391617354383,0.4998191362776163,0.1476300039835426,0.3454847600453167,1.4183116930070525,0.2647060665650849,1.5137036449359182,0.0050618860057289,0.7009264971380967,-0.0136402243411264,-1.5599872255219078,-0.3379415795221518,-0.0361356255723104,-0.5488853974577027,-0.5054541277043371,1.2423805699438557,-0.7367975492820587,0.5471159015366137,-0.6907031528550364,0.2486504398429679,0.3879046562983027,0.9620477416340116,0.9269434467559082,0.6414992563072194,1.288475864153856,0.9034470621630012,-0.525145366505678,-0.5376567694384143,-1.6429692575515118,-0.2029940299717,-0.3639335245613452,0.4997458223461709,-1.2559601819309856,-0.124571302721562,0.5255738025960768,-0.12325876822646,-0.9014184225415676,-0.2947341805298212,-0.8431573212541899,1.197623342582361,-0.7387491189685089,0.6108107728405094,-1.4543987495265744,0.6851428652274456,0.8524010140972608,1.7139340344405505,-0.8732949903816706
160.0,64.0,0.0,0.5041516616177011,-0.2501781204281388,-0.1675183462148262,-0.787148787867325,-0.1925837108144643,0.7543154941948722,1.361143923758215,1.5767217566631029,-0.7540458413329121,-0.6192093790546788,-0.6446849956817062,0.2179744309893455,2.036116433396687,1.0951837795922192,0.6405488469420882,0.6209433372760145,-0.5641022324051499,-0.6158972656160964,-0.5751025125259916,-0.2941025553159678,1.0251247360675362,-0.1912573191655937,0.304803549909781,-0.7735007691235047,-0.2058103270035034,-0.4389231464063115,-0.1881291515467867,-0.1453303879489076,-1.327766279780551,-2.245918539640787,3.133237583492953,-0.2074585682954384,-0.581263842394385,-0.4315480258258768,0.5685948429612238,-1.2913697313863313,0.4708937740822865,0.4152678972762773,0.2018082980594655,0.8655362793152934,-1.0610678761951218,-0.1616001001434564,-0.5517852219343373,-0.4696739825394184,-0.7431863954987029,-1.4961558450612444,0.1150044435312468,0.2747879047003877,0.5241654827761268,1.3121361604118895,1.491630840502561,0.8644709851864609,1.0901400425250525,-0.1764499528697309,-0.5930105087192024,1.0166917353255505,0.2255660403769412,1.6394520140048423,0.8306562708218345,-0.8819454909234227,0.7483517452432717,-0.8615872253586976,0.5249140161918785,0.9532492234817792,0.7028251098000837,-0.6422720975484133,-1.8712681553486128,0.8907236979043609,0.5408343877234316,0.7200472768208168,0.5879401068268373,-1.1468069111215504,0.6555492984232226,-1.539051186575736,-1.029312534332607,0.1632157057404235,0.0910539244560936,0.7564058169393029,0.2509842228917441,0.0154391102221546,0.3736866956094762,-0.7312404314503154,-1.1050964107877814,0.2781193216958808,-0.9399548521435954,-0.6048759089570949,-0.5514148489342893,-1.0169890634822123,-0.5093026532422366,-0.2557628376719209,-1.8128087683559664,0.0735839841918981,0.1794050824464785,1.07666676939188,-0.566399816243416,0.3546199183070728,1.290167272350132,-0.3913713876998437,1.5734883361522536,1.8362026709402244
